id,observed_on_string,time_observed_at,quality_grade,place_guess,latitude,longitude,positional_accuracy,species_guess,scientific_name,common_name,taxon_id
"1507388",Mon May 18 2015 12:10:21 GMT-0400 (EDT),2015/05/18 16:10:21,needs_id,"Eno River State Park, Durham, NC, US",36.071072,-78.927964,"30",sunfish,Actinopterygii,Ray-finned Fishes,"47178"
"1507389",Mon May 18 2015 12:09:34 GMT-0400 (EDT),2015/05/18 16:09:34,needs_id,"Eno River State Park, Durham, NC, US",36.07098,-78.927926,"10",fish,Actinopterygii,Ray-finned Fishes,"47178"
"2834406",Sat Mar 26 2016 13:15:19 GMT-0400 (EDT),2016/03/26 17:15:19,research,"Durham County, US-NC, US",36.0672,-78.86834667,"500",White Bass,Morone chrysops,White Bass,"106195"
"5698471",Fri Apr 14 2017 16:51:52 GMT-0400 (EDT),2017/04/14 20:51:52,needs_id,"214 S Wake St, Hillsborough, NC, US",36.0726817,-79.10289397,"30",Bluegill,Lepomis macrochirus,Bluegill,"49591"
"7505627",Tue Aug 15 2017 10:10:30 GMT-0400 (EDT),2017/08/15 14:10:30,research,"6100 Cole Mill Rd, Hillsborough, NC, US",36.0780809,-79.0088247,"5",Redbreast Sunfish,Lepomis auritus,Redbreast Sunfish,"85365"
"7506335",Tue Aug 15 2017 10:23:56 GMT-0400 (EDT),2017/08/15 14:23:56,research,"Orange County, US-NC, US",36.0770428,-79.00925377,"10",Bluegill,Lepomis macrochirus,Bluegill,"49591"
"7506340",Tue Aug 15 2017 11:18:28 GMT-0400 (EDT),2017/08/15 15:18:28,research,"Eno River State Park, Durham, NC, US",36.07227534,-79.01323115,"5",Bluegill,Lepomis macrochirus,Bluegill,"49591"
"7511567",Tue Aug 15 2017 11:44:45 GMT-0400 (EDT),2017/08/15 15:44:45,research,"Eno River State Park, Durham, NC, US",36.07323081,-79.01081509,"29",Channel Catfish,Ictalurus punctatus,Channel Catfish,"81554"
"7511570",Tue Aug 15 2017 09:59:40 GMT-0400 (EDT),2017/08/15 13:59:40,needs_id,"Eno River State Park, Durham, NC, US",36.07294958,-79.01071669,"36",Leuciscidae,Leuciscidae,True Minnows,"1303618"
"7538769",Thu Aug 17 2017 13:27:13 GMT-0400 (EDT),2017/08/17 17:27:13,research,"Orange County, US-NC, US",36.08416658,-79.0618161,"10",Bluegill,Lepomis macrochirus,Bluegill,"49591"
"7538770",Thu Aug 17 2017 13:34:05 GMT-0400 (EDT),2017/08/17 17:34:05,research,"Orange County, US-NC, US",36.08425199,-79.06209254,"10",Largemouth Bass,Micropterus salmoides,Largemouth Bass,"49587"
"7538771",Thu Aug 17 2017 14:16:13 GMT-0400 (EDT),2017/08/17 18:16:13,research,"Orange County, US-NC, US",36.08323095,-79.0617405,"5",Bull Chub,Nocomis raneyi,Bull Chub,"107074"
"7538772",Thu Aug 17 2017 15:44:05 GMT-0400 (EDT),2017/08/17 19:44:05,research,"Orange County, US-NC, US",36.08424151,-79.06176556,"5",Pumpkinseed,Lepomis gibbosus,Pumpkinseed,"49614"
"7538795",Wed Aug 16 2017 17:22:56 GMT-0400 (EDT),2017/08/16 21:22:56,research,"27278, Hillsborough, NC, US",36.08244325,-79.06250073,"66",Redbreast Sunfish,Lepomis auritus,Redbreast Sunfish,"85365"
"7538800",Thu Aug 17 2017 14:52:56 GMT-0400 (EDT),2017/08/17 18:52:56,research,"27278, Hillsborough, NC, US",36.08230611,-79.06313167,"95",Largemouth Bass,Micropterus salmoides,Largemouth Bass,"49587"
"7538804",Thu Aug 17 2017 14:10:49 GMT-0400 (EDT),2017/08/17 18:10:49,research,"27278, Hillsborough, NC, US",36.08333318,-79.06172552,"83",Bluegill,Lepomis macrochirus,Bluegill,"49591"
"7538826",Thu Aug 17 2017 14:47:15 GMT-0400 (EDT),2017/08/17 18:47:15,research,"27278, Hillsborough, NC, US",36.0823413,-79.0636107,"119",Largemouth Bass,Micropterus salmoides,Largemouth Bass,"49587"
"7538857",Thu Aug 17 2017 11:42:23 GMT-0400 (EDT),2017/08/17 15:42:23,research,"27278, Hillsborough, NC, US",36.08383232,-79.06185398,"57",Redbreast Sunfish,Lepomis auritus,Redbreast Sunfish,"85365"
"7615595",Wed Aug 23 2017 07:45:16 GMT-0400 (EDT),2017/08/23 11:45:16,research,"Eno River State Park, Durham, NC, US",36.05772218,-78.9786356,"10",Redbreast Sunfish,Lepomis auritus,Redbreast Sunfish,"85365"
"7624619",Wed Aug 23 2017 09:13:47 GMT-0400 (EDT),2017/08/23 13:13:47,research,"Eno River State Park, Durham, NC, US",36.06208244,-78.97398985,"30",Redbreast Sunfish,Lepomis auritus,Redbreast Sunfish,"85365"
"7624621",Wed Aug 23 2017 10:13:16 GMT-0400 (EDT),2017/08/23 14:13:16,research,"Eno River State Park, Durham, NC, US",36.05645282,-78.98185656,"19",Largemouth Bass,Micropterus salmoides,Largemouth Bass,"49587"
"7624623",Wed Aug 23 2017 13:07:07 GMT-0400 (EDT),2017/08/23 17:07:07,research,"Eno River State Park, Durham, NC, US",36.05643521,-78.98184009,"19",Largemouth Bass,Micropterus salmoides,Largemouth Bass,"49587"
"7662702",Sat Aug 26 2017 16:27:54 GMT-0400 (EDT),2017/08/26 20:27:54,research,"27278, Hillsborough, NC, US",36.06911812,-79.11002255,"253",White Shiner,Luxilus albeolus,White Shiner,"104864"
"7662779",Sat Aug 26 2017 16:47:11 GMT-0400 (EDT),2017/08/26 20:47:11,research,"27278, Hillsborough, NC, US",36.06933451,-79.11017398,"5",White Shiner,Luxilus albeolus,White Shiner,"104864"
"7662866",Sat Aug 26 2017 16:51:56 GMT-0400 (EDT),2017/08/26 20:51:56,needs_id,"27278, Hillsborough, NC, US",36.06932432,-79.11012478,"5",White Shiner,Luxilus,Highscale Shiners,"58621"
"7663302",Sat Aug 26 2017 17:24:00 GMT-0400 (EDT),2017/08/26 21:24:00,research,"27278, Hillsborough, NC, US",36.06940735,-79.11014607,"5",Warmouth,Lepomis gulosus,Warmouth,"104252"
"7682399",Sun Aug 27 2017 21:27:36 GMT-0400 (EDT),2017/08/28 01:27:36,research,"Eno River State Park, Hillsborough, NC, US",36.08447784,-79.0104174,"244",Longnose Gar,Lepisosteus osseus,Longnose Gar,"58609"
"9362253",2010/09/17 4:21 PM EDT,2010/09/17 20:21:00,research,"Orange County, NC, USA",36.07442022,-79.00743795,"195",Redbreast Sunfish,Lepomis auritus,Redbreast Sunfish,"85365"
"9362254",2010/09/17 3:48 PM EDT,2010/09/17 19:48:00,research,"Orange County, NC, USA",36.07442022,-79.00743795,"195",Bluehead chub,Nocomis leptocephalus,Bluehead chub,"107071"
"10087744",Sun Mar 04 2018 14:40:47 GMT-0500 (EST),2018/03/04 19:40:47,research,"Hillsborough, NC  27278, Hillsborough, NC, US",36.06957151,-79.11010567,"30",White Shiner,Luxilus albeolus,White Shiner,"104864"
"10087873",Sun Mar 04 2018 14:43:35 GMT-0500 (EST),2018/03/04 19:43:35,research,"Hillsborough, NC  27278, Hillsborough, NC, US",36.06939687,-79.11014473,"5",Bluegill,Lepomis macrochirus,Bluegill,"49591"
"10291645",Sun Mar 04 2018 15:01:47 GMT-0500 (EST),2018/03/04 20:01:47,needs_id,"Hillsborough, NC  27278, Hillsborough, NC, US",36.06833719,-79.10973427,"63",White Shiner,Luxilus albeolus,White Shiner,"104864"
"10291650",Sun Mar 04 2018 15:24:47 GMT-0500 (EST),2018/03/04 20:24:47,research,"Hillsborough, NC  27278, Hillsborough, NC, US",36.06846886,-79.10984705,"30",Bluegill,Lepomis macrochirus,Bluegill,"49591"
"10559911",Fri Mar 30 2018 13:40:20 GMT-0400 (EDT),2018/03/30 17:40:20,research,"121 Faribault Ln, Hillsborough, NC, US",36.07250454,-79.10281526,"5",Bluehead chub,Nocomis leptocephalus,Bluehead chub,"107071"
"10559920",Fri Mar 30 2018 13:45:11 GMT-0400 (EDT),2018/03/30 17:45:11,research,"121 Faribault Ln, Hillsborough, NC, US",36.07253564,-79.10286186,"5",Redbreast Sunfish,Lepomis auritus,Redbreast Sunfish,"85365"
"10559927",Fri Mar 30 2018 15:23:01 GMT-0400 (EDT),2018/03/30 19:23:01,research,"197 Faribault Ln, Hillsborough, NC, US",36.07338389,-79.10508215,"5",Redbreast Sunfish,Lepomis auritus,Redbreast Sunfish,"85365"
"10559930",Fri Mar 30 2018 15:39:17 GMT-0400 (EDT),2018/03/30 19:39:17,research,"Hillsborough, NC  27278, Hillsborough, NC, US",36.07055642,-79.10863347,"5",Bull Chub,Nocomis raneyi,Bull Chub,"107074"
"10559934",Fri Mar 30 2018 15:45:40 GMT-0400 (EDT),2018/03/30 19:45:40,research,"Hillsborough, NC  27278, Hillsborough, NC, US",36.07060043,-79.10868854,"5",Redbreast Sunfish,Lepomis auritus,Redbreast Sunfish,"85365"
"10559938",Fri Mar 30 2018 15:46:02 GMT-0400 (EDT),2018/03/30 19:46:02,research,"501 Eno Mountain Rd, Hillsborough, NC, US",36.0686778,-79.10856676,"187",Bull Chub,Nocomis raneyi,Bull Chub,"107074"
"10620644",Tue Apr 03 2018 14:24:31 GMT-0400 (EDT),2018/04/03 18:24:31,research,"Hillsborough, NC  27278, Hillsborough, NC, US",36.07053015,-79.10856508,"52",Notchlip Redhorse,Moxostoma collapsum,Notchlip Redhorse,"106209"
"10911822",Sat Apr 14 2018 14:07:59 GMT-0400 (EDT),2018/04/14 18:07:59,research,"160 Exchange Park Ln, Hillsborough, NC, US",36.07256758,-79.10078516,"10",Redbreast Sunfish,Lepomis auritus,Redbreast Sunfish,"85365"
"11284138",Sat Apr 14 2018 15:35:24 GMT-0400 (EDT),2018/04/14 19:35:24,research,"197 Faribault Ln, Hillsborough, NC, US",36.07347575,-79.10568757,"21",Largemouth Bass,Micropterus salmoides,Largemouth Bass,"49587"
"13330822",Fri Jun 08 2018 13:26:34 GMT-0400 (EDT),2018/06/08 17:26:34,research,"Hillsborough, NC  27278, Hillsborough, NC, US",36.08393439,-79.03670453,"177",Snail Bullhead,Ameiurus brunneus,Snail Bullhead,"93843"
"13330844",Mon Jun 11 2018 09:12:23 GMT-0400 (EDT),2018/06/11 13:12:23,research,"Hillsborough, NC  27278, Hillsborough, NC, US",36.08439289,-79.03552042,"193",Largemouth Bass,Micropterus salmoides,Largemouth Bass,"49587"
"13330906",Fri Jun 08 2018 12:58:31 GMT-0400 (EDT),2018/06/08 16:58:31,research,"Hillsborough, NC  27278, Hillsborough, NC, US",36.08456396,-79.03731044,"189",Largemouth Bass,Micropterus salmoides,Largemouth Bass,"49587"
"13330937",Fri Jun 08 2018 12:39:53 GMT-0400 (EDT),2018/06/08 16:39:53,research,"Hillsborough, NC  27278, Hillsborough, NC, US",36.08383369,-79.03507895,"147",Redbreast Sunfish,Lepomis auritus,Redbreast Sunfish,"85365"
"13330951",Fri Jun 08 2018 12:38:13 GMT-0400 (EDT),2018/06/08 16:38:13,research,"Hillsborough, NC  27278, Hillsborough, NC, US",36.08378959,-79.03648242,"375",Redbreast Sunfish,Lepomis auritus,Redbreast Sunfish,"85365"
"13813184",Thu Jun 21 2018 18:41:26 GMT-0400 (EDT),2018/06/21 22:41:26,research,"211 S Wake St, Hillsborough, NC, US",36.07279956,-79.10239232,"75",Redbreast Sunfish,Lepomis auritus,Redbreast Sunfish,"85365"
"13813208",Thu Jun 21 2018 18:42:57 GMT-0400 (EDT),2018/06/21 22:42:57,research,"121 Faribault Ln, Hillsborough, NC, US",36.07244611,-79.10295443,"63",Bluegill,Lepomis macrochirus,Bluegill,"49591"
"13813296",Thu Jun 21 2018 18:43:55 GMT-0400 (EDT),2018/06/21 22:43:55,research,"121 Faribault Ln, Hillsborough, NC, US",36.07248771,-79.10311871,"81",Bluegill,Lepomis macrochirus,Bluegill,"49591"
"13813335",Thu Jun 21 2018 18:47:27 GMT-0400 (EDT),2018/06/21 22:47:27,research,"121 Faribault Ln, Hillsborough, NC, US",36.07252241,-79.10315789,"43",Largemouth Bass,Micropterus salmoides,Largemouth Bass,"49587"
"13813347",Thu Jun 21 2018 18:54:05 GMT-0400 (EDT),2018/06/21 22:54:05,needs_id,"121 Faribault Ln, Hillsborough, NC, US",36.07247187,-79.10313724,"90",Hornyhead Chubs,Nocomis,Hornyhead Chubs,"62022"
"13813371",Thu Jun 21 2018 18:55:28 GMT-0400 (EDT),2018/06/21 22:55:28,research,"121 Faribault Ln, Hillsborough, NC, US",36.07253463,-79.10308102,"62",Redbreast Sunfish,Lepomis auritus,Redbreast Sunfish,"85365"
"13813397",Fri Jun 22 2018 15:26:36 GMT-0400 (EDT),2018/06/22 19:26:36,research,"101–313 Lawrence Rd, Hillsborough, NC, US",36.08484468,-79.06203032,"60",Bluegill,Lepomis macrochirus,Bluegill,"49591"
"13813421",Fri Jun 22 2018 15:40:09 GMT-0400 (EDT),2018/06/22 19:40:09,research,"453–513 Lawrence Rd, Hillsborough, NC, US",36.08470886,-79.06173603,"74",Green Sunfish,Lepomis cyanellus,Green Sunfish,"58636"
"13813441",Fri Jun 22 2018 15:46:44 GMT-0400 (EDT),2018/06/22 19:46:44,research,"453–513 Lawrence Rd, Hillsborough, NC, US",36.08473285,-79.0617461,"67",Largemouth Bass,Micropterus salmoides,Largemouth Bass,"49587"
"13813459",Fri Jun 22 2018 15:55:22 GMT-0400 (EDT),2018/06/22 19:55:22,research,"453–513 Lawrence Rd, Hillsborough, NC, US",36.08458196,-79.06185017,"79",Redbreast Sunfish,Lepomis auritus,Redbreast Sunfish,"85365"
"13813477",Fri Jun 22 2018 16:08:05 GMT-0400 (EDT),2018/06/22 20:08:05,research,"453–513 Lawrence Rd, Hillsborough, NC, US",36.08470919,-79.06181511,"48",Redbreast Sunfish,Lepomis auritus,Redbreast Sunfish,"85365"
"13817752",2018-06-25 5:23:52 AM EDT,2018/06/25 09:23:52,needs_id,"6029 State Rd 1569, Durham, NC 27705, USA",36.07569046,-79.00748469,"526",Bluegill,Lepomis macrochirus,Bluegill,"49591"
"14699876",Tue Jul 24 2018 17:19:41 GMT-0400 (EDT),2018/07/24 21:19:41,research,"Orange County, US-NC, US",36.0794137,-79.00670215,"10",Redbreast Sunfish,Lepomis auritus,Redbreast Sunfish,"85365"
"14702216",Tue Jul 24 2018 17:35:28 GMT-0400 (EDT),2018/07/24 21:35:28,research,"6101 Cole Mill Rd, Durham, NC, US",36.07957783,-79.00613333,,Bluegill,Lepomis macrochirus,Bluegill,"49591"
"14702472",Tue Jul 24 2018 12:54:50 GMT-0400 (EDT),2018/07/24 16:54:50,research,"6101 Cole Mill Rd, Durham, NC, US",36.07905833,-79.00739167,,Margined madtom,Noturus insignis,Margined madtom,"61485"
"14706607",Sun Jul 22 2018 16:12:52 GMT-0400 (EDT),2018/07/22 20:12:52,research,"121 Faribault Ln, Hillsborough, NC, US",36.07248288,-79.10301086,"19",Redbreast Sunfish,Lepomis auritus,Redbreast Sunfish,"85365"
"14706615",Sun Jul 22 2018 16:13:57 GMT-0400 (EDT),2018/07/22 20:13:57,research,"121 Faribault Ln, Hillsborough, NC, US",36.07245156,-79.10301682,"54",Bluegill,Lepomis macrochirus,Bluegill,"49591"
"14706632",Sun Jul 22 2018 16:18:50 GMT-0400 (EDT),2018/07/22 20:18:50,needs_id,"121 Faribault Ln, Hillsborough, NC, US",36.07245354,-79.10294383,"65",,Ameiurus brunneus,Snail Bullhead,"93843"
"14706643",Sun Jul 22 2018 16:25:45 GMT-0400 (EDT),2018/07/22 20:25:45,research,"121 Faribault Ln, Hillsborough, NC, US",36.07247643,-79.10303602,"51",Redbreast Sunfish,Lepomis auritus,Redbreast Sunfish,"85365"
"14706662",Sun Jul 22 2018 16:27:36 GMT-0400 (EDT),2018/07/22 20:27:36,research,"121 Faribault Ln, Hillsborough, NC, US",36.07246547,-79.102972,"71",Redbreast Sunfish,Lepomis auritus,Redbreast Sunfish,"85365"
"14706664",Sun Jul 22 2018 16:38:33 GMT-0400 (EDT),2018/07/22 20:38:33,research,"121 Faribault Ln, Hillsborough, NC, US",36.07248957,-79.1027993,"71",Redbreast Sunfish,Lepomis auritus,Redbreast Sunfish,"85365"
"14706727",Sun Jul 22 2018 16:40:45 GMT-0400 (EDT),2018/07/22 20:40:45,research,"121 Faribault Ln, Hillsborough, NC, US",36.07248251,-79.10289341,"42",Redbreast Sunfish,Lepomis auritus,Redbreast Sunfish,"85365"
"14706771",Sun Jul 22 2018 16:41:19 GMT-0400 (EDT),2018/07/22 20:41:19,research,"121 Faribault Ln, Hillsborough, NC, US",36.072444,-79.10294812,"107",Redbreast Sunfish,Lepomis auritus,Redbreast Sunfish,"85365"
"14706909",Sun Jul 22 2018 16:42:44 GMT-0400 (EDT),2018/07/22 20:42:44,research,"121 Faribault Ln, Hillsborough, NC, US",36.0725343,-79.10295763,"49",Redbreast Sunfish,Lepomis auritus,Redbreast Sunfish,"85365"
"14706937",Sun Jul 22 2018 16:45:01 GMT-0400 (EDT),2018/07/22 20:45:01,research,"121 Faribault Ln, Hillsborough, NC, US",36.07244766,-79.10305874,"88",Bluegill,Lepomis macrochirus,Bluegill,"49591"
"14706994",Sun Jul 22 2018 16:53:00 GMT-0400 (EDT),2018/07/22 20:53:00,research,"121 Faribault Ln, Hillsborough, NC, US",36.07249379,-79.10300132,"41",Bluegill,Lepomis macrochirus,Bluegill,"49591"
"15269623",Sun Jul 29 2018 18:25:16 GMT-0400 (EDT),2018/07/29 22:25:16,research,"27278, Hillsborough, NC, US",36.07065312,-79.10851331,"19",Bluegill,Lepomis macrochirus,Bluegill,"49591"
"15269815",Sun Jul 29 2018 18:28:30 GMT-0400 (EDT),2018/07/29 22:28:30,research,"27278, Hillsborough, NC, US",36.07057986,-79.10838624,"27",Redbreast Sunfish,Lepomis auritus,Redbreast Sunfish,"85365"
"15269867",Sun Jul 29 2018 18:35:58 GMT-0400 (EDT),2018/07/29 22:35:58,research,"Orange County, US-NC, US",36.07064458,-79.10841804,"28",Bluegill,Lepomis macrochirus,Bluegill,"49591"
"15269888",Sun Jul 29 2018 18:54:37 GMT-0400 (EDT),2018/07/29 22:54:37,research,"27278, Hillsborough, NC, US",36.06928356,-79.1100608,"19",Warmouth,Lepomis gulosus,Warmouth,"104252"
"15269951",Sun Jul 29 2018 18:59:13 GMT-0400 (EDT),2018/07/29 22:59:13,research,"27278, Hillsborough, NC, US",36.06928828,-79.11006852,"19",Warmouth,Lepomis gulosus,Warmouth,"104252"
"15269973",Sun Jul 29 2018 19:00:19 GMT-0400 (EDT),2018/07/29 23:00:19,research,"27278, Hillsborough, NC, US",36.06926058,-79.1100499,"26",Warmouth,Lepomis gulosus,Warmouth,"104252"
"15891679",2018/06/29 12:07 PM EDT,2018/06/29 16:07:00,research,"Orange County, NC, USA",36.08198994,-79.00508073,"31",Nocomis raneyi,Nocomis raneyi,Bull Chub,"107074"
"16439877",2018/06/15 10:49 AM EDT,2018/06/15 14:49:00,research,"Orange County, NC, USA",36.06729945,-79.01359124,"122",Warmouth,Lepomis gulosus,Warmouth,"104252"
"17144792",2018-10-02 9:27:30 AM EDT,2018/10/02 13:27:30,research,"320 Eno Mountain Rd, Hillsborough, NC 27278, USA",36.06809009,-79.11454305,"66",Notchlip Redhorse,Moxostoma collapsum,Notchlip Redhorse,"106209"
"17152420",2018-10-02 12:06:27 PM EDT,2018/10/02 12:06:27,research,"5101 N Roxboro St, Durham, NC 27704, USA",36.07171991,-78.90971784,"66",Bull Chub,Nocomis raneyi,Bull Chub,"107074"
"18228462",Sun Sep 30 2018 14:48:29 GMT-0400 (EDT),2018/09/30 18:48:29,research,"Eno River State Park, Durham, NC, US",36.07184847,-79.01337417,"69",Eastern Mosquitofish,Gambusia holbrooki,Eastern Mosquitofish,"101204"
"18228548",Sun Sep 30 2018 15:50:42 GMT-0400 (EDT),2018/09/30 19:50:42,research,"27278, Hillsborough, NC, US",36.08669794,-79.01795928,"100",swallowtail shiner,Notropis procne,swallowtail shiner,"107251"
"18228592",Sun Sep 30 2018 16:03:14 GMT-0400 (EDT),2018/09/30 20:03:14,research,"Eno River State Park, Durham, NC, US",36.04536702,-78.98801931,"194",swallowtail shiner,Notropis procne,swallowtail shiner,"107251"
"18228636",Sun Sep 30 2018 15:53:14 GMT-0400 (EDT),2018/09/30 19:53:14,research,"27705, Durham, NC, US",36.07985856,-79.00624822,"150",Eastern Mosquitofish,Gambusia holbrooki,Eastern Mosquitofish,"101204"
"18362859",2015-06-18 8:01:40 PM EDT,2015/06/19 00:01:40,research,"Eno, NC, USA",36.04995013,-78.98748145,"88",Bluegill,Lepomis macrochirus,Bluegill,"49591"
"18757597",2018-12-01 12:51:32 PM EST,2018/12/01 17:51:32,research,"4703 Pleasant Green Rd, Durham, NC 27705, USA",36.04781618,-79.01120703,"7",Bluegill,Lepomis macrochirus,Bluegill,"49591"
"21403897",Tue Mar 19 2019 12:26:37 GMT-0400 (EDT),2019/03/19 16:26:37,needs_id,"27278, Hillsborough, NC, US",36.0698818,-79.11080003,"5",,Actinopterygii,Ray-finned Fishes,"47178"
"24919906",2019/05/09 11:56 AM EDT,2019/05/09 15:56:00,research,"Orange County, NC, USA",36.07831672,-79.0087469,"31",Bull Chub,Nocomis raneyi,Bull Chub,"107074"
"25566545",Wed May 22 2019 11:08:04 GMT-0400 (EDT),2019/05/22 15:08:04,research,"234 Brassy Creek Ave, Durham, NC, US",36.07485833,-78.90291667,"1414",Green Sunfish,Lepomis cyanellus,Green Sunfish,"58636"
"25681991",Tue Mar 19 2019 12:27:01 GMT-0400 (EDT),2019/03/19 16:27:01,needs_id,"27278, Hillsborough, NC, US",36.0698818,-79.11080003,"5",,Noturus,Madtoms,"58656"
"25872604",2019/05/14 3:29 AM HST,2019/05/14 13:29:00,research,"Orange County, NC, USA",36.04864602,-79.01155525,"15",Bull Chub,Nocomis raneyi,Bull Chub,"107074"
"25915264",Mon May 27 2019 20:07:03 GMT-0400 (EDT),2019/05/28 00:07:03,needs_id,"Eno River State Park, Durham, NC, US",36.07182783,-78.90865333,"5",Largemouth Bass,Micropterus salmoides,Largemouth Bass,"49587"
"28363688",Thu Apr 25 2019 17:16:04 GMT-0400 (EDT),2019/04/25 21:16:04,research,"27278, Hillsborough, NC, US",36.08497516,-79.03353195,"88",Redbreast Sunfish,Lepomis auritus,Redbreast Sunfish,"85365"
"28363917",Thu Apr 25 2019 18:02:31 GMT-0400 (EDT),2019/04/25 22:02:31,research,"925 Dumont Dr, Hillsborough, NC, US",36.08547307,-79.03285971,"66",Greengill Sunfish,Lepomis macrochirus × cyanellus,Greengill Sunfish,"1102243"
"28364063",Thu Apr 25 2019 18:02:53 GMT-0400 (EDT),2019/04/25 22:02:53,research,"27278, Hillsborough, NC, US",36.08488151,-79.03379495,"38",Greengill Sunfish,Lepomis macrochirus × cyanellus,Greengill Sunfish,"1102243"
"28364207",Thu Apr 25 2019 18:11:08 GMT-0400 (EDT),2019/04/25 22:11:08,research,"27278, Hillsborough, NC, US",36.08472796,-79.0338218,"58",Warmouth,Lepomis gulosus,Warmouth,"104252"
"28364323",Fri May 17 2019 16:32:07 GMT-0400 (EDT),2019/05/17 20:32:07,research,"453–513 Lawrence Rd, Hillsborough, NC, US",36.08479373,-79.06174467,"92",Largemouth Bass,Micropterus salmoides,Largemouth Bass,"49587"
"28364397",Fri May 17 2019 16:34:03 GMT-0400 (EDT),2019/05/17 20:34:03,research,"453–513 Lawrence Rd, Hillsborough, NC, US",36.08484376,-79.06164666,"38",Greengill Sunfish,Lepomis macrochirus × cyanellus,Greengill Sunfish,"1102243"
"28364501",Fri May 17 2019 16:36:39 GMT-0400 (EDT),2019/05/17 20:36:39,research,"453–513 Lawrence Rd, Hillsborough, NC, US",36.0848178,-79.06178214,"66",Largemouth Bass,Micropterus salmoides,Largemouth Bass,"49587"
"28364575",Fri May 17 2019 16:41:23 GMT-0400 (EDT),2019/05/17 20:41:23,research,"401–451 Lawrence Rd, Hillsborough, NC, US",36.08488217,-79.06176288,"56",Redbreast Sunfish,Lepomis auritus,Redbreast Sunfish,"85365"
"28364622",Fri May 17 2019 16:45:07 GMT-0400 (EDT),2019/05/17 20:45:07,research,"401–451 Lawrence Rd, Hillsborough, NC, US",36.08488033,-79.06176878,"62",Bull Chub,Nocomis raneyi,Bull Chub,"107074"
"28364676",Fri May 17 2019 17:33:00 GMT-0400 (EDT),2019/05/17 21:33:00,research,"453–513 Lawrence Rd, Hillsborough, NC, US",36.08478415,-79.06143914,"131",Bull Chub,Nocomis raneyi,Bull Chub,"107074"
"28364769",Fri May 17 2019 17:46:17 GMT-0400 (EDT),2019/05/17 21:46:17,research,"453–513 Lawrence Rd, Hillsborough, NC, US",36.08472843,-79.06178915,"99",Largemouth Bass,Micropterus salmoides,Largemouth Bass,"49587"
"28364985",Sat May 18 2019 13:10:22 GMT-0400 (EDT),2019/05/18 17:10:22,needs_id,"27278, Hillsborough, NC, US",36.07397181,-79.09157343,"19",,Ameiurus platycephalus,Flat Bullhead,"93845"
"28365051",Sun Jun 02 2019 16:15:18 GMT-0400 (EDT),2019/06/02 20:15:18,research,"453–513 Lawrence Rd, Hillsborough, NC, US",36.08487853,-79.06151536,"55",Largemouth Bass,Micropterus salmoides,Largemouth Bass,"49587"
"28365089",Sun Jun 02 2019 16:31:18 GMT-0400 (EDT),2019/06/02 20:31:18,research,"27278, Hillsborough, NC, US",36.08330402,-79.06183335,"110",Bull Chub,Nocomis raneyi,Bull Chub,"107074"
"28365143",Sun Jun 02 2019 16:36:43 GMT-0400 (EDT),2019/06/02 20:36:43,research,"27278, Hillsborough, NC, US",36.08286112,-79.06193092,"159",Redbreast Sunfish,Lepomis auritus,Redbreast Sunfish,"85365"
"28365476",Wed Jul 03 2019 11:49:45 GMT-0400 (EDT),2019/07/03 15:49:45,research,"121 Faribault Ln, Hillsborough, NC, US",36.07258442,-79.10315387,"70",Redbreast Sunfish,Lepomis auritus,Redbreast Sunfish,"85365"
"28365512",Wed Jul 03 2019 12:08:24 GMT-0400 (EDT),2019/07/03 16:08:24,research,"121 Faribault Ln, Hillsborough, NC, US",36.07252875,-79.1031478,"68",Redbreast Sunfish,Lepomis auritus,Redbreast Sunfish,"85365"
"28365643",Sat Jul 06 2019 15:31:44 GMT-0400 (EDT),2019/07/06 19:31:44,research,"229 S Churton St, Hillsborough, NC, US",36.07194341,-79.09820495,"19",Eastern Mosquitofish,Gambusia holbrooki,Eastern Mosquitofish,"101204"
"28365715",Sat Jul 06 2019 15:41:03 GMT-0400 (EDT),2019/07/06 19:41:03,research,"229 S Churton St, Hillsborough, NC, US",36.0719055,-79.09819004,"38",swallowtail shiner,Notropis procne,swallowtail shiner,"107251"
"28365835",Sat Jul 06 2019 15:47:08 GMT-0400 (EDT),2019/07/06 19:47:08,needs_id,"229 S Churton St, Hillsborough, NC, US",36.07192072,-79.09819242,"45",White Shiner,Luxilus albeolus,White Shiner,"104864"
"28365923",Sat Jul 06 2019 15:26:21 GMT-0400 (EDT),2019/07/06 19:26:21,needs_id,"229 S Churton St, Hillsborough, NC, US",36.07188076,-79.09816007,"45",Pogonichthyinae,Pogonichthyinae,North American Minnows,"1303666"
"30886567",Sat Jul 13 2019 10:58:14 GMT-0400 (EDT),2019/07/13 14:58:14,needs_id,"Old Oxford Rd, Durham, NC, US",36.07303333,-78.86379167,"10",,Notemigonus crysoleucas,Golden Shiner,"51351"
"31054418",Sat Jul 13 2019 23:15:04 GMT-0400 (EDT),2019/07/14 03:15:04,research,"229 S Churton St, Hillsborough, NC, US",36.07193858,-79.09813384,"19",Largemouth Bass,Micropterus salmoides,Largemouth Bass,"49587"
"31054492",Sat Jul 13 2019 23:15:35 GMT-0400 (EDT),2019/07/14 03:15:35,research,"27278, Hillsborough, NC, US",36.07115322,-79.0947282,"43",Largemouth Bass,Micropterus salmoides,Largemouth Bass,"49587"
"31054641",Sat Jul 13 2019 23:09:47 GMT-0400 (EDT),2019/07/14 03:09:47,research,"229 S Churton St, Hillsborough, NC, US",36.07190732,-79.09805152,"23",Largemouth Bass,Micropterus salmoides,Largemouth Bass,"49587"
"31054761",Sat Jul 13 2019 23:14:21 GMT-0400 (EDT),2019/07/14 03:14:21,research,"27278, Hillsborough, NC, US",36.07055118,-79.09179213,"60",Largemouth Bass,Micropterus salmoides,Largemouth Bass,"49587"
"31054816",Sat Jul 13 2019 23:12:04 GMT-0400 (EDT),2019/07/14 03:12:04,research,"201 Saponi Dr, Hillsborough, NC, US",36.07039632,-79.08979806,"35",Largemouth Bass,Micropterus salmoides,Largemouth Bass,"49587"
"31054908",Sat Jul 13 2019 23:10:39 GMT-0400 (EDT),2019/07/14 03:10:39,research,"201 Saponi Dr, Hillsborough, NC, US",36.07016627,-79.09018078,"80",Largemouth Bass,Micropterus salmoides,Largemouth Bass,"49587"
"31055043",Sat Jul 13 2019 23:18:06 GMT-0400 (EDT),2019/07/14 03:18:06,research,"27278, Hillsborough, NC, US",36.08450454,-79.03695816,"50",Redear Sunfish,Lepomis microlophus,Redear Sunfish,"85127"
"31055110",Sat Jul 13 2019 23:13:45 GMT-0400 (EDT),2019/07/14 03:13:45,research,"27278, Hillsborough, NC, US",36.07164263,-79.08695265,"40",Largemouth Bass,Micropterus salmoides,Largemouth Bass,"49587"
"32029112",2012/03/29 2:51 PM EDT,2012/03/29 18:51:00,research,"Orange County, NC, USA",36.07464665,-79.00869859,"1457",Eastern Mosquitofish,Gambusia holbrooki,Eastern Mosquitofish,"101204"
"32720662",2019/09/14 12:26 PM EDT,2019/09/14 16:26:00,research,"Durham County, NC, USA",36.05710289,-78.97837351,"31",Chainback Darter,Percina nevisense,Chainback Darter,"109091"
"33543788",2019-09-28 11:39:01 AM EDT,2019/09/28 15:39:01,research,"Lebanon, NC, USA",36.05503338,-78.97806957,"22",Redbreast Sunfish,Lepomis auritus,Redbreast Sunfish,"85365"
"34058357",2018/06/13 7:11 PM EDT,2018/06/13 23:11:00,research,"River Forest, Durham, NC, USA",36.07419939,-78.90672258,,satinfin shiner,Cyprinella analostana,satinfin shiner,"98891"
"34103193",2019/10/08 11:53 AM EDT,2019/10/08 15:53:00,research,"Latta Road, Durham, NC 27712, USA",36.07211299,-78.9292654,"784",Snail Bullhead,Ameiurus brunneus,Snail Bullhead,"93843"
"34103194",2019/10/08 11:47 AM EDT,2019/10/08 15:47:00,needs_id,"Latta Road, Durham, NC 27712, USA",36.07223039,-78.92980108,"784",Leuciscidae,Leuciscidae,True Minnows,"1303618"
"34103195",2019/10/08 11:47 AM EDT,2019/10/08 15:47:00,needs_id,"Latta Road, Durham, NC 27712, USA",36.07225174,-78.92960872,"676",True Minnows,Leuciscidae,True Minnows,"1303618"
"34227688",2019/10/11 4:13 PM EDT,2019/10/11 20:13:00,research,"Durham, NC, USA",36.07058577,-78.93142896,"188",Speckled killifish,Fundulus rathbuni,Speckled killifish,"101069"
"34227691",2019/10/11 2:55 PM EDT,2019/10/11 18:55:00,research,"Durham County, NC, USA",36.06233409,-78.9630496,"276",Redbreast Sunfish,Lepomis auritus,Redbreast Sunfish,"85365"
"34227692",2019/10/11 2:58 PM EDT,2019/10/11 18:58:00,needs_id,"Country Club Heights, Durham, NC 27712, USA",36.06282361,-78.96288537,"345",Sunfishes,Centrarchidae,Freshwater Sunfishes,"49588"
"34227693",2019/10/11 2:59 PM EDT,2019/10/11 18:59:00,research,"Country Club Heights, Durham, NC 27712, USA",36.06282361,-78.96336253,"392",Bluegill,Lepomis macrochirus,Bluegill,"49591"
"34227696",2019/10/11 4:11 PM EDT,2019/10/11 20:11:00,research,"Latta Road, Durham, NC 27712, USA",36.07094101,-78.93124294,"268",Blacktip Jumprock,Moxostoma cervinum,Blacktip Jumprock,"106208"
"34227697",2019/10/11 4:12 PM EDT,2019/10/11 20:12:00,research,"Latta Road, Durham, NC 27712, USA",36.07126971,-78.9314146,"299",Blacktip Jumprock,Moxostoma cervinum,Blacktip Jumprock,"106208"
"34227707",2019/10/11 3:43 PM EDT,2019/10/11 19:43:00,needs_id,"Latta Road, Durham, NC 27712, USA",36.07130811,-78.93098545,"237",True Minnows,Leuciscidae,True Minnows,"1303618"
"34278049",2019/10/12 1:11 PM EDT,2019/10/12 17:11:00,needs_id,"Durham, NC, USA",36.07067247,-78.93077449,"360",Minnows,Leuciscinae,Old World Minnows,"613300"
"34278051",2019/10/12 1:12 PM EDT,2019/10/12 17:12:00,research,"Durham, NC, USA",36.07067247,-78.93077449,"360",Northern Hog Sucker,Hypentelium nigricans,Northern Hog Sucker,"58659"
"34278053",2019/10/12 1:11 PM EDT,2019/10/12 17:11:00,research,"Durham, NC, USA",36.07067247,-78.93077449,"360",Bull Chub,Nocomis raneyi,Bull Chub,"107074"
"34278054",2019/10/12 1:54 PM EDT,2019/10/12 17:54:00,research,"Durham, NC, USA",36.07067247,-78.93077449,"360",Bull Chub,Nocomis raneyi,Bull Chub,"107074"
"34278055",2019/10/12 1:54 PM EDT,2019/10/12 17:54:00,research,"Durham, NC, USA",36.07067247,-78.93077449,"360",Blacktip Jumprock,Moxostoma cervinum,Blacktip Jumprock,"106208"
"34278058",2019/10/12 1:31 PM EDT,2019/10/12 17:31:00,needs_id,"Durham, NC, USA",36.07067247,-78.93077449,"360",True Minnows,Leuciscidae,True Minnows,"1303618"
"34278061",2019/10/12 1:51 PM EDT,2019/10/12 17:51:00,research,"Durham, NC, USA",36.07067247,-78.93077449,"360",Speckled killifish,Fundulus rathbuni,Speckled killifish,"101069"
"34278064",2019/10/12 1:30 PM EDT,2019/10/12 17:30:00,research,"Durham, NC, USA",36.07067247,-78.93077449,"360",Speckled killifish,Fundulus rathbuni,Speckled killifish,"101069"
"34278069",2019/10/12 1:09 PM EDT,2019/10/12 17:09:00,research,"Durham, NC, USA",36.07067247,-78.93077449,"360",White Shiner,Luxilus albeolus,White Shiner,"104864"
"35337541",2019-11-05 8:25:36 AM EST,2019/11/05 13:25:36,research,"Lebanon, NC, USA",36.05677191,-78.97834618,"263",swallowtail shiner,Notropis procne,swallowtail shiner,"107251"
"35337621",2019-11-05 8:31:45 AM EST,2019/11/05 13:31:45,research,"Eno Valley, NC 27712, USA",36.05650791,-78.97827309,"132",White Shiner,Luxilus albeolus,White Shiner,"104864"
"35337712",2019-11-05 11:04:10 AM EST,2019/11/05 16:04:10,research,"Lebanon, NC, USA",36.05745712,-78.97832237,"263",Roanoke Darter,Percina roanoka,Roanoke Darter,"109100"
"35337774",2019-11-05 11:10:27 AM EST,2019/11/05 16:10:27,research,"Lebanon, NC, USA",36.05725356,-78.97832304,"132",Tessellated Darter,Etheostoma olmstedi,Tessellated Darter,"100515"
"35337801",2019-11-05 11:34:10 AM EST,2019/11/05 16:34:10,research,"Lebanon, NC, USA",36.05688602,-78.97836462,"132",Speckled killifish,Fundulus rathbuni,Speckled killifish,"101069"
"36728820",Sun Jul 14 2019 23:12:05 GMT-0400 (EDT),2019/07/15 03:12:05,research,"Hillsborough, NC, US",36.0849613,-79.03723053,"119",Redear Sunfish,Lepomis microlophus,Redear Sunfish,"85127"
"36751758",Sun Sep 29 2019 16:09:33 GMT-0400 (EDT),2019/09/29 20:09:33,research,"S Churton St, Hillsborough, NC, US",36.07211603,-79.09887783,"34",Redbreast Sunfish,Lepomis auritus,Redbreast Sunfish,"85365"
"36751796",Sat Sep 28 2019 10:50:01 GMT-0400 (EDT),2019/09/28 14:50:01,research,"S Churton St, Hillsborough, NC, US",36.07202786,-79.09855794,"23",Redbreast Sunfish,Lepomis auritus,Redbreast Sunfish,"85365"
"36751822",Sat Sep 28 2019 10:43:35 GMT-0400 (EDT),2019/09/28 14:43:35,research,"Faribault Ln, Hillsborough, NC, US",36.07250421,-79.10287787,"34",Bluegill,Lepomis macrochirus,Bluegill,"49591"
"36751846",Sat Sep 28 2019 10:40:11 GMT-0400 (EDT),2019/09/28 14:40:11,research,"Faribault Ln, Hillsborough, NC, US",36.07245953,-79.10294539,"47",Redbreast Sunfish,Lepomis auritus,Redbreast Sunfish,"85365"
"40931476",2020/03/14 2:17 PM UTC,,research,"Durham County, NC, USA",36.07121275,-78.84413144,,White Bass,Morone chrysops,White Bass,"106195"
"40931551",2020/03/14 5:20 PM UTC,,research,"Durham County, NC, USA",36.085083,-78.83247375,,Longnose Gar,Lepisosteus osseus,Longnose Gar,"58609"
"41129021",Sun Mar 29 2020 17:44:07 GMT-0400 (EDT),2020/03/29 21:44:07,research,"Eno River, Hillsborough, NC, US",36.07250298,-79.10299751,"29",Redbreast Sunfish,Lepomis auritus,Redbreast Sunfish,"85365"
"41129062",Sun Mar 29 2020 17:39:08 GMT-0400 (EDT),2020/03/29 21:39:08,research,"Faribault Ln, Hillsborough, NC, US",36.07245551,-79.10286226,"61",Redbreast Sunfish,Lepomis auritus,Redbreast Sunfish,"85365"
"41129316",Sun Mar 22 2020 16:54:48 GMT-0400 (EDT),2020/03/22 20:54:48,research,"Elizabeth Brady Rd, Hillsborough, NC, US",36.07523146,-79.07173103,"72",Redbreast Sunfish,Lepomis auritus,Redbreast Sunfish,"85365"
"41129350",Sun Mar 22 2020 16:36:14 GMT-0400 (EDT),2020/03/22 20:36:14,research,"US-70, Hillsborough, NC, US",36.07605958,-79.07019625,"96",Redbreast Sunfish,Lepomis auritus,Redbreast Sunfish,"85365"
"41129399",Sun Mar 22 2020 16:34:38 GMT-0400 (EDT),2020/03/22 20:34:38,research,"Orange County, US-NC, US",36.08073215,-79.06564278,"40",Bluegill,Lepomis macrochirus,Bluegill,"49591"
"41129457",Sun Mar 22 2020 15:47:55 GMT-0400 (EDT),2020/03/22 19:47:55,research,"Hillsborough, NC, US",36.08072687,-79.06560852,"64",Bull Chub,Nocomis raneyi,Bull Chub,"107074"
"41129505",Sun Mar 22 2020 15:45:46 GMT-0400 (EDT),2020/03/22 19:45:46,research,"Hillsborough, NC, US",36.0806362,-79.06566238,"155",Redbreast Sunfish,Lepomis auritus,Redbreast Sunfish,"85365"
"41129535",Sun Mar 22 2020 15:41:37 GMT-0400 (EDT),2020/03/22 19:41:37,research,"Hillsborough, NC, US",36.08075018,-79.06558678,"54",Redbreast Sunfish,Lepomis auritus,Redbreast Sunfish,"85365"
"41129580",Sun Mar 22 2020 15:30:17 GMT-0400 (EDT),2020/03/22 19:30:17,needs_id,"Hillsborough, NC, US",36.08074661,-79.06555926,"48",Lepomis,Lepomis,Common Sunfishes,"49592"
"41129601",Sun Mar 22 2020 14:15:09 GMT-0400 (EDT),2020/03/22 18:15:09,research,"Eno River, Hillsborough, NC, US",36.08368972,-79.06190437,"122",Bluegill,Lepomis macrochirus,Bluegill,"49591"
"41129625",Sun Mar 22 2020 14:14:03 GMT-0400 (EDT),2020/03/22 18:14:03,research,"Eno River, Hillsborough, NC, US",36.08389964,-79.06190304,"240",Bluegill,Lepomis macrochirus,Bluegill,"49591"
"41129689",Fri Mar 20 2020 16:04:45 GMT-0400 (EDT),2020/03/20 20:04:45,research,"Eno River, Hillsborough, NC, US",36.08675596,-79.01873958,"136",Redbreast Sunfish,Lepomis auritus,Redbreast Sunfish,"85365"
"41129716",Fri Mar 20 2020 16:02:13 GMT-0400 (EDT),2020/03/20 20:02:13,research,"Hillsborough, NC, US",36.08654242,-79.01519077,"194",Redbreast Sunfish,Lepomis auritus,Redbreast Sunfish,"85365"
"41129811",Fri Mar 20 2020 14:23:04 GMT-0400 (EDT),2020/03/20 18:23:04,research,"Hillsborough, NC, US",36.08294251,-79.02654489,"162",Largemouth Bass,Micropterus salmoides,Largemouth Bass,"49587"
"41129910",Fri Mar 20 2020 13:26:50 GMT-0400 (EDT),2020/03/20 17:26:50,research,"Eno River, Hillsborough, NC, US",36.08508794,-79.03021714,"149",Bluegill,Lepomis macrochirus,Bluegill,"49591"
"41129938",Fri Mar 20 2020 13:25:00 GMT-0400 (EDT),2020/03/20 17:25:00,research,"Hillsborough, NC, US",36.08480999,-79.03001028,"223",Bull Chub,Nocomis raneyi,Bull Chub,"107074"
"41444695",Sat Apr 04 2020 14:10:14 GMT-0400 (EDT),2020/04/04 18:10:14,research,"Eno River, Hillsborough, NC, US",36.06831958,-79.1097756,"37",Redbreast Sunfish,Lepomis auritus,Redbreast Sunfish,"85365"
"41444749",Sat Apr 04 2020 14:18:21 GMT-0400 (EDT),2020/04/04 18:18:21,research,"Orange County, US-NC, US",36.06830094,-79.10987855,"50",Largemouth Bass,Micropterus salmoides,Largemouth Bass,"49587"
"41444799",Sat Apr 04 2020 14:32:06 GMT-0400 (EDT),2020/04/04 18:32:06,research,"Eno River, Hillsborough, NC, US",36.06825665,-79.10987603,"51",Redear Sunfish,Lepomis microlophus,Redear Sunfish,"85127"
"41444838",Sat Apr 04 2020 14:36:08 GMT-0400 (EDT),2020/04/04 18:36:08,research,"Eno River, Hillsborough, NC, US",36.06822776,-79.10985346,"56",Bluegill,Lepomis macrochirus,Bluegill,"49591"
"41625413",2020-04-07 9:15:56 AM EDT,2020/04/07 13:15:56,research,"Hillsborough, NC 27278, USA",36.06806976,-79.11501914,"119",Roanoke Darter,Percina roanoka,Roanoke Darter,"109100"
"41625457",2020-04-07 10:15:21 AM EDT,2020/04/07 14:15:21,research,"Hillsborough, NC 27278, USA",36.06804835,-79.11503121,"176",swallowtail shiner,Notropis procne,swallowtail shiner,"107251"
"41625568",2020-04-07 10:38:07 AM EDT,2020/04/07 14:38:07,research,"Hillsborough, NC 27278, USA",36.06810418,-79.11502719,"39",Tessellated Darter,Etheostoma olmstedi,Tessellated Darter,"100515"
"41625630",2020-04-07 10:58:49 AM EDT,2020/04/07 14:58:49,research,"Durham, NC 27705, USA",36.06807356,-79.11503926,"69",Largemouth Bass,Micropterus salmoides,Largemouth Bass,"49587"
"41625698",2020-04-07 11:19:19 AM EDT,2020/04/07 15:19:19,research,"Hillsborough, NC 27278, USA",36.0681161,-79.11503792,"94",White Shiner,Luxilus albeolus,White Shiner,"104864"
"41625750",2020-04-07 11:46:02 AM EDT,2020/04/07 15:46:02,research,"Hillsborough, NC 27278, USA",36.0680909,-79.11504932,"172",Eastern Mosquitofish,Gambusia holbrooki,Eastern Mosquitofish,"101204"
"41625812",2020-04-07 11:50:19 AM EDT,2020/04/07 15:50:19,research,"Hillsborough, NC 27278, USA",36.06808629,-79.11504194,"68",Redear Sunfish,Lepomis microlophus,Redear Sunfish,"85127"
"41656535",2020-04-07 11:55:47 AM EDT,2020/04/07 15:55:47,research,"Hillsborough, NC 27278, USA",36.06808982,-79.11503691,"31",Speckled killifish,Fundulus rathbuni,Speckled killifish,"101069"
"41947433",Sat Apr 11 2020 18:02:00 GMT-0400 (EDT),2020/04/11 22:02:00,research,"Durham, NC, US",36.06837451,-78.91495865,"301",Redbreast Sunfish,Lepomis auritus,Redbreast Sunfish,"85365"
"45022244",Tue May 05 2020 16:34:16 GMT-0400 (EDT),2020/05/05 20:34:16,research,"Durham, NC, US",36.04513734,-78.98924288,"1324",Longnose Gar,Lepisosteus osseus,Longnose Gar,"58609"
"45613693",Mon Apr 06 2020 15:05:57 GMT-0400 (EDT),2020/04/06 19:05:57,research,"Lawrence Rd, Hillsborough, NC, US",36.08501216,-79.06142088,"32",Roanoke Darter,Percina roanoka,Roanoke Darter,"109100"
"45632723",Mon Apr 06 2020 15:12:04 GMT-0400 (EDT),2020/04/06 19:12:04,research,"Eno River, Hillsborough, NC, US",36.08506008,-79.06152441,"33",Roanoke Darter,Percina roanoka,Roanoke Darter,"109100"
"45632980",Mon Apr 06 2020 16:06:47 GMT-0400 (EDT),2020/04/06 20:06:47,research,"Eno River, Hillsborough, NC, US",36.08249936,-79.06360981,"83",Largemouth Bass,Micropterus salmoides,Largemouth Bass,"49587"
"45633054",Mon Apr 06 2020 16:35:01 GMT-0400 (EDT),2020/04/06 20:35:01,research,"Kirkland Dr, Hillsborough, NC, US",36.08201817,-79.06538761,"131",Largemouth Bass,Micropterus salmoides,Largemouth Bass,"49587"
"45633126",Mon Apr 06 2020 16:51:10 GMT-0400 (EDT),2020/04/06 20:51:10,research,"Eno River, Hillsborough, NC, US",36.08059312,-79.06651053,"69",Redbreast Sunfish,Lepomis auritus,Redbreast Sunfish,"85365"
"45633202",Mon Apr 06 2020 16:56:01 GMT-0400 (EDT),2020/04/06 20:56:01,research,"Eno River, Hillsborough, NC, US",36.08004548,-79.06914211,"156",Redbreast Sunfish,Lepomis auritus,Redbreast Sunfish,"85365"
"45633520",Tue Apr 07 2020 18:06:18 GMT-0400 (EDT),2020/04/07 22:06:18,research,"Lawrence Rd, Hillsborough, NC, US",36.08504444,-79.06152303,"42",Roanoke Darter,Percina roanoka,Roanoke Darter,"109100"
"45633636",Tue Apr 07 2020 17:33:28 GMT-0400 (EDT),2020/04/07 21:33:28,research,"Hillsborough, NC, US",36.08243847,-79.06401659,"198",Largemouth Bass,Micropterus salmoides,Largemouth Bass,"49587"
"45652066",Wed Apr 29 2020 14:44:37 GMT-0400 (EDT),2020/04/29 18:44:37,research,"Hall's Mill Rd, Efland, NC, US",36.12833386,-79.15704629,"33",Greengill Sunfish,Lepomis macrochirus × cyanellus,Greengill Sunfish,"1102243"
"45652226",Wed Apr 29 2020 14:47:24 GMT-0400 (EDT),2020/04/29 18:47:24,research,"Efland, NC, US",36.12790764,-79.15686883,"25",Redbreast Sunfish,Lepomis auritus,Redbreast Sunfish,"85365"
"45652445",Wed Apr 29 2020 14:48:29 GMT-0400 (EDT),2020/04/29 18:48:29,research,"Efland, NC, US",36.12790809,-79.15688196,"22",Bluegill,Lepomis macrochirus,Bluegill,"49591"
"45652503",Wed Apr 29 2020 14:55:04 GMT-0400 (EDT),2020/04/29 18:55:04,research,"Efland, NC, US",36.12789727,-79.15686728,"24",Bluegill,Lepomis macrochirus,Bluegill,"49591"
"45652562",Wed Apr 29 2020 15:50:44 GMT-0400 (EDT),2020/04/29 19:50:44,research,"Lawrence Rd, Hillsborough, NC, US",36.08500409,-79.06145621,"33",Roanoke Darter,Percina roanoka,Roanoke Darter,"109100"
"45652593",Wed Apr 29 2020 15:55:31 GMT-0400 (EDT),2020/04/29 19:55:31,research,"Lawrence Rd, Hillsborough, NC, US",36.08500919,-79.06142487,"22",Roanoke Darter,Percina roanoka,Roanoke Darter,"109100"
"45652711",Thu May 07 2020 15:25:47 GMT-0400 (EDT),2020/05/07 19:25:47,research,"Eno River, Hillsborough, NC, US",36.07066204,-79.13008612,"18",Bluegill,Lepomis macrochirus,Bluegill,"49591"
"45652771",Thu May 07 2020 15:29:41 GMT-0400 (EDT),2020/05/07 19:29:41,research,"Eno River, Hillsborough, NC, US",36.07057227,-79.13000667,"42",Bluegill,Lepomis macrochirus,Bluegill,"49591"
"45652811",Thu May 07 2020 15:47:36 GMT-0400 (EDT),2020/05/07 19:47:36,research,"Eno River, Hillsborough, NC, US",36.07043302,-79.12990269,"55",Redbreast Sunfish,Lepomis auritus,Redbreast Sunfish,"85365"
"45652878",Thu May 07 2020 15:50:12 GMT-0400 (EDT),2020/05/07 19:50:12,research,"Dimmock's Mill Rd, Hillsborough, NC, US",36.07044607,-79.12994915,"69",Bluegill,Lepomis macrochirus,Bluegill,"49591"
"45652911",Thu May 07 2020 15:51:16 GMT-0400 (EDT),2020/05/07 19:51:16,research,"Eno River, Hillsborough, NC, US",36.07073994,-79.13016367,"43",Bluegill,Lepomis macrochirus,Bluegill,"49591"
"46914706",Fri May 22 2020 17:28:58 GMT-0400 (EDT),2020/05/22 21:28:58,research,"Durham, NC, US",36.07111383,-78.91086667,"5",Blacktip Jumprock,Moxostoma cervinum,Blacktip Jumprock,"106208"
"47979309",Fri May 15 2020 14:55:04 GMT-0400 (EDT),2020/05/15 18:55:04,research,"Eno River, Hillsborough, NC, US",36.08687436,-79.01904341,"110",Redbreast Sunfish,Lepomis auritus,Redbreast Sunfish,"85365"
"49142583",Fri May 15 2020 14:56:17 GMT-0400 (EDT),2020/05/15 18:56:17,research,"Eno River, Hillsborough, NC, US",36.08560114,-79.02066959,"100",Redbreast Sunfish,Lepomis auritus,Redbreast Sunfish,"85365"
"49223945",Fri May 15 2020 15:46:00 GMT-0400 (EDT),2020/05/15 19:46:00,research,"Eno River, Hillsborough, NC, US",36.08672848,-79.01576089,"59",Redbreast Sunfish,Lepomis auritus,Redbreast Sunfish,"85365"
"49224156",Sun May 17 2020 13:02:09 GMT-0400 (EDT),2020/05/17 17:02:09,research,"Eno River, Hillsborough, NC, US",36.08337437,-79.0617235,"23",Redbreast Sunfish,Lepomis auritus,Redbreast Sunfish,"85365"
"49224245",Sun May 17 2020 14:01:00 GMT-0400 (EDT),2020/05/17 18:01:00,research,"Eno River, Hillsborough, NC, US",36.08258537,-79.06361901,"43",Redbreast Sunfish,Lepomis auritus,Redbreast Sunfish,"85365"
"49224747",Sun May 17 2020 14:03:15 GMT-0400 (EDT),2020/05/17 18:03:15,research,"Eno River, Hillsborough, NC, US",36.08232524,-79.06516984,"94",Redbreast Sunfish,Lepomis auritus,Redbreast Sunfish,"85365"
"49224804",Sun May 17 2020 14:12:22 GMT-0400 (EDT),2020/05/17 18:12:22,research,"Eno River, Hillsborough, NC, US",36.08203381,-79.06567506,"76",Redbreast Sunfish,Lepomis auritus,Redbreast Sunfish,"85365"
"49224861",Sun May 17 2020 14:18:49 GMT-0400 (EDT),2020/05/17 18:18:49,research,"Eno River, Hillsborough, NC, US",36.08200958,-79.06567251,"65",Redbreast Sunfish,Lepomis auritus,Redbreast Sunfish,"85365"
"49224908",Sun May 17 2020 15:11:34 GMT-0400 (EDT),2020/05/17 19:11:34,research,"Hillsborough, NC, US",36.08010727,-79.06930394,"100",Bull Chub,Nocomis raneyi,Bull Chub,"107074"
"51538381",Mon Jun 29 2020 10:27:24 GMT-0400 (EDT),2020/06/29 14:27:24,research,"Eno River, Durham, NC, US",36.06305,-78.96961167,"4",Redbreast Sunfish,Lepomis auritus,Redbreast Sunfish,"85365"
"52494868",2020-07-09 7:34:25 AM EDT,2020/07/09 11:34:25,research,"Northeast Durham, Durham, NC 27704, USA",36.0884555,-78.8220633,,Bluegill,Lepomis macrochirus,Bluegill,"49591"
"55777519",2020/07/28 4:09 PM EDT,2020/07/28 20:09:00,research,"Durham, NC, USA",36.072189,-78.90818,,Redbreast Sunfish,Lepomis auritus,Redbreast Sunfish,"85365"
"55777520",2020/07/28 4:12 PM EDT,2020/07/28 20:12:00,research,"Old Farm, Durham, NC, USA",36.072262,-78.90736597,,Bluegill,Lepomis macrochirus,Bluegill,"49591"
"55777522",2020/07/28 4:41 PM EDT,2020/07/28 20:41:00,research,"Durham, NC, USA",36.07250597,-78.90734997,,Green Sunfish,Lepomis cyanellus,Green Sunfish,"58636"
"55777525",2020/07/28 6:21 PM EDT,2020/07/28 22:21:00,research,"Durham, NC, USA",36.072383,-78.907413,,White Catfish,Ameiurus catus,White Catfish,"93844"
"57883435",Sun Jun 21 2020 08:49:06 GMT-0400 (EDT),2020/06/21 12:49:06,research,"Hillsborough, NC, US",36.07997217,-79.00625555,"5",Bull Chub,Nocomis raneyi,Bull Chub,"107074"
"57883473",Sun Jun 21 2020 08:17:48 GMT-0400 (EDT),2020/06/21 12:17:48,research,"Durham, NC, US",36.07992217,-79.00621667,"5",Redbreast Sunfish,Lepomis auritus,Redbreast Sunfish,"85365"
"59120883",2020-07-24T19:40:19.099Z,2020/07/24 19:40:19,needs_id,"Durham County, US-NC, US",36.057378,-78.98044,,"Minnows, Suckers, Carps, and Loaches",Cypriniformes,"Minnows, Suckers, Carps, and Loaches","49216"
"59121028",2020-07-24T19:20:15.105Z,2020/07/24 19:20:15,research,"Durham County, US-NC, US",36.057378,-78.98044,,Redbreast Sunfish,Lepomis auritus,Redbreast Sunfish,"85365"
"61094207",Sun Jun 07 2020 15:43:05 GMT-0400 (EDT),2020/06/07 19:43:05,research,"Hillsborough, NC, US",36.08391095,-79.06232187,"170",Redbreast Sunfish,Lepomis auritus,Redbreast Sunfish,"85365"
"61400836",2008/07/20 1:32 PM EDT,2008/07/20 17:32:00,needs_id,"Orange County, NC, USA",36.08216079,-79.00527206,"46",Lepomis,Lepomis,Common Sunfishes,"49592"
"61819075",Mon Oct 05 2020 16:51:45 GMT-0400 (EDT),2020/10/05 20:51:45,research,"Lake Orange Rd, Hillsborough, NC, US",36.14622749,-79.15116776,"22",Green Sunfish,Lepomis cyanellus,Green Sunfish,"58636"
"61819453",Mon Oct 05 2020 17:12:17 GMT-0400 (EDT),2020/10/05 21:12:17,research,"Lake Orange Rd, Hillsborough, NC, US",36.14631674,-79.15118993,"86",Bluehead chub,Nocomis leptocephalus,Bluehead chub,"107071"
"62676416",Thu Oct 15 2020 16:37:35 GMT-0400 (EDT),2020/10/15 20:37:35,research,"Eno River, Durham, NC, US",36.07478618,-79.00769529,"109",Redbreast Sunfish,Lepomis auritus,Redbreast Sunfish,"85365"
"63199616",2020/10/21 2:50 PM EDT,2020/10/21 18:50:00,research,"6101 Cole Mill Rd, Durham, NC 27705, USA",36.0792408,-79.0074032,"286",Speckled killifish,Fundulus rathbuni,Speckled killifish,"101069"
"64274117",2016/06/01 6:39 PM EDT,2016/06/01 22:39:00,research,"Orange County, NC, USA",36.08018248,-79.0060398,"31",Snail Bullhead,Ameiurus brunneus,Snail Bullhead,"93843"
"64274183",2016/06/01 5:53 PM EDT,2016/06/01 21:53:00,research,"Orange County, NC, USA",36.0794374,-79.00755363,"95",Speckled killifish,Fundulus rathbuni,Speckled killifish,"101069"
"64274239",2016/06/01 6:58 PM EDT,2016/06/01 22:58:00,research,"Orange County, NC, USA",36.08056461,-79.00560098,"72",Bull Chub,Nocomis raneyi,Bull Chub,"107074"
"64274741",2019/10/04 9:40 AM EDT,2019/10/04 19:40:00,research,"Orange County, NC, USA",36.08493308,-79.06169078,"8",Notchlip Redhorse,Moxostoma collapsum,Notchlip Redhorse,"106209"
"64912798",Thu Oct 08 2020 12:53:48 GMT-0400 (EDT),2020/10/08 20:53:48,research,"Eno River, Durham, NC, US",36.06938883,-78.91973,"4",Speckled killifish,Fundulus rathbuni,Speckled killifish,"101069"
"65825154",Fri Nov 27 2020 13:43:36 GMT-0500 (EST),2020/11/27 18:43:36,research,"Hillsborough, NC, US",36.08615524,-79.01308083,"171",Redbreast Sunfish,Lepomis auritus,Redbreast Sunfish,"85365"
"71423154",Sat Jun 27 2020 12:02:54 GMT-0400 (EDT),2020/06/27 16:02:54,research,"Hillsborough, NC, US",36.08367731,-79.06263068,"55",Bluegill,Lepomis macrochirus,Bluegill,"49591"
"71423356",Sat Jun 27 2020 12:13:17 GMT-0400 (EDT),2020/06/27 16:13:17,research,"Eno River, Hillsborough, NC, US",36.0823541,-79.06497651,"77",Redbreast Sunfish,Lepomis auritus,Redbreast Sunfish,"85365"
"71423375",Sat Jun 27 2020 12:13:30 GMT-0400 (EDT),2020/06/27 16:13:30,research,"Eno River, Hillsborough, NC, US",36.08203569,-79.06563235,"81",Redbreast Sunfish,Lepomis auritus,Redbreast Sunfish,"85365"
"71423395",Sat Jun 27 2020 12:15:28 GMT-0400 (EDT),2020/06/27 16:15:28,research,"Eno River, Hillsborough, NC, US",36.07903563,-79.06941468,"123",Redbreast Sunfish,Lepomis auritus,Redbreast Sunfish,"85365"
"71423778",Sun Jul 05 2020 10:59:17 GMT-0400 (EDT),2020/07/05 14:59:17,research,"Eno River, Durham, NC, US",36.06201086,-78.97381693,"22",Longnose Gar,Lepisosteus osseus,Longnose Gar,"58609"
"71424000",Wed Jul 08 2020 13:54:58 GMT-0400 (EDT),2020/07/08 17:54:58,research,"Efland, NC, US",36.12768469,-79.15621801,"44",Redbreast Sunfish,Lepomis auritus,Redbreast Sunfish,"85365"
"71424311",Tue Jul 07 2020 11:06:00 GMT-0400 (EDT),2020/07/07 15:06:00,research,"Eno River, Durham, NC, US",36.0567915,-78.97829738,"22",Redbreast Sunfish,Lepomis auritus,Redbreast Sunfish,"85365"
"71424980",Thu Jul 16 2020 12:30:26 GMT-0400 (EDT),2020/07/16 16:30:26,research,"Eno River, Durham, NC, US",36.05973534,-78.97397435,"22",Margined madtom,Noturus insignis,Margined madtom,"61485"
"71425146",Mon Jul 27 2020 11:00:17 GMT-0400 (EDT),2020/07/27 15:00:17,research,"Eno River, Durham, NC, US",36.06250421,-78.96841444,"30",Redbreast Sunfish,Lepomis auritus,Redbreast Sunfish,"85365"
"71425304",Mon Jul 27 2020 11:13:15 GMT-0400 (EDT),2020/07/27 15:13:15,needs_id,"Eno River, Durham, NC, US",36.06225488,-78.96392061,"22",Bull Chub,Nocomis raneyi,Bull Chub,"107074"
"71425447",Wed Aug 12 2020 13:02:28 GMT-0400 (EDT),2020/08/12 17:02:28,research,"Eno River, Durham, NC, US",36.05970546,-78.97398914,"55",Eastern Mosquitofish,Gambusia holbrooki,Eastern Mosquitofish,"101204"
"71425572",Wed Aug 12 2020 13:32:21 GMT-0400 (EDT),2020/08/12 17:32:21,needs_id,"Eno River, Durham, NC, US",36.05985778,-78.97373445,"59",,Notropis procne,swallowtail shiner,"107251"
"71772335",Thu Aug 20 2020 16:50:33 GMT-0400 (EDT),2020/08/20 20:50:33,research,"Eno River, Hillsborough, NC, US",36.0864759,-79.01435823,"18",Redbreast Sunfish,Lepomis auritus,Redbreast Sunfish,"85365"
"71828273",Sat Aug 08 2020 17:39:00 GMT-0400 (EDT),2020/08/08 21:39:00,research,"Durham, NC, US",36.06276709,-78.96889034,"68",Redbreast Sunfish,Lepomis auritus,Redbreast Sunfish,"85365"
"71987665",Sun Sep 13 2020 12:30:45 GMT-0400 (EDT),2020/09/13 16:30:45,needs_id,"Eno River, Hillsborough, NC, US",36.07139521,-79.09632167,"58",,Notropis procne,swallowtail shiner,"107251"
"71987723",Sun Sep 13 2020 12:36:49 GMT-0400 (EDT),2020/09/13 16:36:49,research,"Hillsborough, NC, US",36.07109912,-79.09409945,"63",Speckled killifish,Fundulus rathbuni,Speckled killifish,"101069"
"71987792",Sun Sep 13 2020 12:48:49 GMT-0400 (EDT),2020/09/13 16:48:49,needs_id,"Eno River, Hillsborough, NC, US",36.07116724,-79.09563217,"91",,Notropis procne,swallowtail shiner,"107251"
"71987976",Sun Sep 13 2020 12:52:05 GMT-0400 (EDT),2020/09/13 16:52:05,research,"Eno River, Hillsborough, NC, US",36.07149317,-79.09674298,"58",Redbreast Sunfish,Lepomis auritus,Redbreast Sunfish,"85365"
"71988215",Sun Sep 13 2020 13:08:25 GMT-0400 (EDT),2020/09/13 17:08:25,research,"Eno River, Hillsborough, NC, US",36.07140004,-79.09642977,"29",White Shiner,Luxilus albeolus,White Shiner,"104864"
"71988298",Sun Sep 13 2020 13:29:13 GMT-0400 (EDT),2020/09/13 17:29:13,needs_id,"Eno River, Hillsborough, NC, US",36.07121068,-79.09585468,"78",,Notropis procne,swallowtail shiner,"107251"
"71990158",Sun Sep 13 2020 13:34:32 GMT-0400 (EDT),2020/09/13 17:34:32,research,"Eno River, Hillsborough, NC, US",36.07118162,-79.09541357,"90",Speckled killifish,Fundulus rathbuni,Speckled killifish,"101069"
"71990318",Sun Sep 13 2020 13:46:42 GMT-0400 (EDT),2020/09/13 17:46:42,research,"US Highway 70A E, Hillsborough, NC, US",36.07111131,-79.09587598,"24",Tessellated Darter,Etheostoma olmstedi,Tessellated Darter,"100515"
"71990420",Mon Sep 14 2020 15:51:26 GMT-0400 (EDT),2020/09/14 19:51:26,research,"Lawrence Rd, Hillsborough, NC, US",36.08511078,-79.06139975,"27",Tessellated Darter,Etheostoma olmstedi,Tessellated Darter,"100515"
"71990487",Mon Sep 14 2020 16:25:25 GMT-0400 (EDT),2020/09/14 20:25:25,research,"Lawrence Rd, Hillsborough, NC, US",36.08511779,-79.06139662,"22",Roanoke Darter,Percina roanoka,Roanoke Darter,"109100"
"71990908",Mon Sep 14 2020 16:47:58 GMT-0400 (EDT),2020/09/14 20:47:58,research,"Lawrence Rd, Hillsborough, NC, US",36.08507749,-79.06136972,"65",Roanoke Darter,Percina roanoka,Roanoke Darter,"109100"
"72160345",Tue Sep 15 2020 16:00:04 GMT-0400 (EDT),2020/09/15 20:00:04,research,"Eno River, Hillsborough, NC, US",36.08548226,-79.0323526,"112",swallowtail shiner,Notropis procne,swallowtail shiner,"107251"
"72160468",Tue Sep 15 2020 16:06:57 GMT-0400 (EDT),2020/09/15 20:06:57,research,"Eno River, Hillsborough, NC, US",36.08368602,-79.02771758,"255",Redbreast Sunfish,Lepomis auritus,Redbreast Sunfish,"85365"
"72160517",Tue Sep 15 2020 16:15:10 GMT-0400 (EDT),2020/09/15 20:15:10,research,"Orange County, US-NC, US",36.08246019,-79.02539551,"239",Green Sunfish,Lepomis cyanellus,Green Sunfish,"58636"
"72160560",Tue Sep 15 2020 17:17:42 GMT-0400 (EDT),2020/09/15 21:17:42,research,"Eno River, Hillsborough, NC, US",36.0824458,-79.02508374,"149",Roanoke Darter,Percina roanoka,Roanoke Darter,"109100"
"72160748",Mon Sep 21 2020 16:43:25 GMT-0400 (EDT),2020/09/21 20:43:25,research,"Gold Park, Hillsborough, NC, US",36.06979682,-79.11067384,"22",Bluegill,Lepomis macrochirus,Bluegill,"49591"
"72160932",Mon Sep 21 2020 16:45:23 GMT-0400 (EDT),2020/09/21 20:45:23,research,"Gold Park, Hillsborough, NC, US",36.06979694,-79.1106615,"22",Bluehead chub,Nocomis leptocephalus,Bluehead chub,"107071"
"72161084",Mon Sep 21 2020 16:51:38 GMT-0400 (EDT),2020/09/21 20:51:38,research,"Gold Park, Hillsborough, NC, US",36.06979637,-79.11066578,"22",White Shiner,Luxilus albeolus,White Shiner,"104864"
"72161135",Mon Sep 21 2020 17:08:47 GMT-0400 (EDT),2020/09/21 21:08:47,research,"Hillsborough, NC, US",36.06870475,-79.10963513,"60",Redbreast Sunfish,Lepomis auritus,Redbreast Sunfish,"85365"
"72879454",Wed Mar 24 2021 08:13:57 GMT-0400 (EDT),2021/03/24 12:13:57,research,"Eno River, Hillsborough, NC, US",36.08368203,-79.02785009,"22",Largemouth Bass,Micropterus salmoides,Largemouth Bass,"49587"
"72879521",Wed Mar 24 2021 09:04:48 GMT-0400 (EDT),2021/03/24 13:04:48,research,"Hillsborough, NC, US",36.0842482,-79.01000998,"25",Redbreast Sunfish,Lepomis auritus,Redbreast Sunfish,"85365"
"73067759",Mon Apr 05 2021 17:38:42 GMT-0400 (EDT),2021/04/05 21:38:42,research,"St Marys Rd, Hillsborough, NC, US",36.0827305,-79.0653,"165",Redbreast Sunfish,Lepomis auritus,Redbreast Sunfish,"85365"
"73067789",Mon Apr 05 2021 18:02:50 GMT-0400 (EDT),2021/04/05 22:02:50,research,"Eno River, Hillsborough, NC, US",36.08101667,-79.06566667,"5",Largemouth Bass,Micropterus salmoides,Largemouth Bass,"49587"
"73067813",Mon Apr 05 2021 18:28:54 GMT-0400 (EDT),2021/04/05 22:28:54,research,"Hillsborough, NC, US",36.0831945,-79.06172217,"10",Largemouth Bass,Micropterus salmoides,Largemouth Bass,"49587"
"73067981",Mon Apr 05 2021 19:20:04 GMT-0400 (EDT),2021/04/05 23:20:04,research,"Lawrence Rd, Hillsborough, NC, US",36.0855305,-79.06130283,"65",Speckled killifish,Fundulus rathbuni,Speckled killifish,"101069"
"73152757",Tue Apr 06 2021 16:16:27 GMT-0400 (EDT),2021/04/06 20:16:27,research,"Hillsborough, NC, US",36.08541383,-79.03131117,"30",Redbreast Sunfish,Lepomis auritus,Redbreast Sunfish,"85365"
"73152826",Tue Apr 06 2021 16:34:31 GMT-0400 (EDT),2021/04/06 20:34:31,research,"Hillsborough, NC, US",36.08566667,-79.03103617,"10",Redbreast Sunfish,Lepomis auritus,Redbreast Sunfish,"85365"
"73152924",Tue Apr 06 2021 16:21:58 GMT-0400 (EDT),2021/04/06 20:21:58,research,"Eno River, Hillsborough, NC, US",36.0835581,-79.02748981,"355",Redbreast Sunfish,Lepomis auritus,Redbreast Sunfish,"85365"
"74875418",Mon Apr 12 2021 09:51:40 GMT-0400 (EDT),2021/04/12 13:51:40,research,"Gold Park, Hillsborough, NC, US",36.06931667,-79.11016117,"5",White Shiner,Luxilus albeolus,White Shiner,"104864"
"74875459",Mon Apr 12 2021 09:58:23 GMT-0400 (EDT),2021/04/12 13:58:23,research,"Gold Park, Hillsborough, NC, US",36.06924717,-79.11022217,"5",White Shiner,Luxilus albeolus,White Shiner,"104864"
"74875502",Mon Apr 12 2021 10:27:43 GMT-0400 (EDT),2021/04/12 14:27:43,research,"Eno River, Hillsborough, NC, US",36.06834167,-79.10990283,"30",Redbreast Sunfish,Lepomis auritus,Redbreast Sunfish,"85365"
"75179685",Mon Apr 12 2021 10:35:09 GMT-0400 (EDT),2021/04/12 14:35:09,research,"Gold Park, Hillsborough, NC, US",36.068475,-79.10977217,"5",Bluegill,Lepomis macrochirus,Bluegill,"49591"
"75448995",Tue Apr 13 2021 10:27:17 GMT-0400 (EDT),2021/04/13 14:27:17,research,"Eno River, Hillsborough, NC, US",36.08447783,-79.06185833,"30",Bluegill,Lepomis macrochirus,Bluegill,"49591"
"75449061",Tue Apr 13 2021 10:28:19 GMT-0400 (EDT),2021/04/13 14:28:19,research,"Eno River, Hillsborough, NC, US",36.08438617,-79.0618055,"5",Redbreast Sunfish,Lepomis auritus,Redbreast Sunfish,"85365"
"75449602",Tue Apr 13 2021 10:40:00 GMT-0400 (EDT),2021/04/13 14:40:00,research,"Eno River, Hillsborough, NC, US",36.08534167,-79.060975,"10",Redbreast × Bluegill Sunfish,Lepomis auritus × macrochirus,Redbreast × Bluegill Sunfish,"1102242"
"75449737",Tue Apr 13 2021 10:43:17 GMT-0400 (EDT),2021/04/13 14:43:17,research,"Eno River, Hillsborough, NC, US",36.08525833,-79.06121117,"10",Redbreast Sunfish,Lepomis auritus,Redbreast Sunfish,"85365"
"75449953",Fri Apr 16 2021 12:18:44 GMT-0400 (EDT),2021/04/16 16:18:44,research,"Hillsborough, NC, US",36.08269167,-79.06191383,"30",Redbreast Sunfish,Lepomis auritus,Redbreast Sunfish,"85365"
"76903455",5/1/2021 13:31,2021/05/01 17:31:38,research,"Durham, NC 27712, USA",36.0690702,-78.9157574,,Bluegill,Lepomis macrochirus,Bluegill,"49591"
"76903646",5/1/2021 12:26,2021/05/01 16:26:52,research,"Durham, NC 27712, USA",36.06882066,-78.91800569,,Speckled killifish,Fundulus rathbuni,Speckled killifish,"101069"
"76903744",5/1/2021 12:03,2021/05/01 16:03:00,research,"Durham, NC 27712, USA",36.0690608,-78.9170917,,Bluegill,Lepomis macrochirus,Bluegill,"49591"
"76903780",5/1/2021 11:03,2021/05/01 15:03:45,research,"Durham, NC 27705, USA",36.06814356,-78.91551493,,Redbreast Sunfish,Lepomis auritus,Redbreast Sunfish,"85365"
"76976847",2021/05/01 3:14 PM EDT,2021/05/01 19:14:00,research,"Durham County, NC, USA",36.0562666,-78.97828248,"31",White Shiner,Luxilus albeolus,White Shiner,"104864"
"76977102",2021/05/01 3:07 PM EDT,2021/05/01 19:07:00,research,"Durham County, NC, USA",36.05744601,-78.97828963,"31",Speckled killifish,Fundulus rathbuni,Speckled killifish,"101069"
"76977625",2021/05/01 2:51 PM EDT,2021/05/01 18:51:00,research,"Durham County, NC, USA",36.05739397,-78.97837546,"31",Roanoke Darter,Percina roanoka,Roanoke Darter,"109100"
"77276056",Fri Apr 16 2021 13:14:21 GMT-0400 (EDT),2021/04/16 17:14:21,research,"Lawrence Rd, Hillsborough, NC, US",36.08524717,-79.0609445,"30",Redbreast Sunfish,Lepomis auritus,Redbreast Sunfish,"85365"
"77276183",Fri Apr 16 2021 13:14:26 GMT-0400 (EDT),2021/04/16 17:14:26,research,"Lawrence Rd, Hillsborough, NC, US",36.08514717,-79.06118883,"10",Redbreast Sunfish,Lepomis auritus,Redbreast Sunfish,"85365"
"77277929",Sun Apr 18 2021 12:54:57 GMT-0400 (EDT),2021/04/18 16:54:57,research,"Eno River Trace, Efland, NC, US",36.13581645,-79.15868604,"77",Bull Chub,Nocomis raneyi,Bull Chub,"107074"
"77278069",Sun Apr 18 2021 12:57:43 GMT-0400 (EDT),2021/04/18 16:57:43,research,"Highland Farm Rd, Efland, NC, US",36.1359445,-79.1592555,"10",White Shiner,Luxilus albeolus,White Shiner,"104864"
"77278120",Sun Apr 18 2021 13:01:33 GMT-0400 (EDT),2021/04/18 17:01:33,research,"Highland Farm Rd, Efland, NC, US",36.13581383,-79.1589805,"5",White Shiner,Luxilus albeolus,White Shiner,"104864"
"77278179",Sun Apr 18 2021 13:43:21 GMT-0400 (EDT),2021/04/18 17:43:21,research,"Hall's Mill Rd, Efland, NC, US",36.12855833,-79.15820283,"5",Bluegill,Lepomis macrochirus,Bluegill,"49591"
"77278284",Wed Apr 21 2021 11:04:42 GMT-0400 (EDT),2021/04/21 15:04:42,research,"Hillsborough, NC, US",36.08441117,-79.02141667,"20",Roanoke Darter,Percina roanoka,Roanoke Darter,"109100"
"77278373",Wed Apr 21 2021 11:28:57 GMT-0400 (EDT),2021/04/21 15:28:57,research,"Hillsborough, NC, US",36.08446383,-79.02136117,"5",Roanoke Darter,Percina roanoka,Roanoke Darter,"109100"
"77280248",Mon Apr 26 2021 16:51:24 GMT-0400 (EDT),2021/04/26 20:51:24,research,"Durham, NC, US",36.05826117,-78.97852167,"30",Redbreast Sunfish,Lepomis auritus,Redbreast Sunfish,"85365"
"77280328",Mon Apr 26 2021 16:51:31 GMT-0400 (EDT),2021/04/26 20:51:31,research,"Durham, NC, US",36.05821117,-78.97854667,"10",Redbreast Sunfish,Lepomis auritus,Redbreast Sunfish,"85365"
"77959774",Sat May 08 2021 09:20:48 GMT-0400 (EDT),2021/05/08 13:20:48,research,"Eno River, Durham, NC, US",36.05449246,-78.97850432,"94",Redbreast Sunfish,Lepomis auritus,Redbreast Sunfish,"85365"
"77989524",2021/05/08 11:36 AM EDT,2021/05/08 15:36:00,research,"Durham County, NC, USA",36.05583273,-78.97824672,"31",Blacktip Jumprock,Moxostoma cervinum,Blacktip Jumprock,"106208"
"77989616",2021/05/08 11:26 AM EDT,2021/05/08 15:26:00,research,"Durham County, NC, USA",36.05609294,-78.97816089,"31",Northern Hog Sucker,Hypentelium nigricans,Northern Hog Sucker,"58659"
"78152846",5/9/2021 14:14,2021/05/09 18:14:38,research,"Durham, NC 27712, USA",36.06911017,-78.91835195,,Redbreast Sunfish,Lepomis auritus,Redbreast Sunfish,"85365"
"78347684",Mon Apr 26 2021 17:35:17 GMT-0400 (EDT),2021/04/26 21:35:17,research,"Durham, NC, US",36.05991383,-78.97435,"10",swallowtail shiner,Notropis procne,swallowtail shiner,"107251"
"78347930",Tue Apr 27 2021 09:39:12 GMT-0400 (EDT),2021/04/27 13:39:12,research,"Eno River, Hillsborough, NC, US",36.0834055,-79.06173617,"5",Bull Chub,Nocomis raneyi,Bull Chub,"107074"
"78347963",Tue Apr 27 2021 10:09:11 GMT-0400 (EDT),2021/04/27 14:09:11,research,"Hillsborough, NC, US",36.08254167,-79.0624305,"50",Redbreast Sunfish,Lepomis auritus,Redbreast Sunfish,"85365"
"78853255",5/14/2021 18:37,2021/05/14 22:37:50,research,"Eno Township, NC, USA",36.07406888,-79.00871113,"94",Warmouth,Lepomis gulosus,Warmouth,"104252"
"79189196",2021/05/13 10:00 AM HST,2021/05/13 20:00:00,research,"Durham County, NC, USA",36.05757512,-78.97848838,"31",Bluehead chub,Nocomis leptocephalus,Bluehead chub,"107071"
"79189742",2021/05/13 10:06 AM HST,2021/05/13 20:06:00,research,"Durham County, NC, USA",36.05780448,-78.97844664,"61",Redbreast Sunfish,Lepomis auritus,Redbreast Sunfish,"85365"
"79834744",Tue Apr 27 2021 10:31:48 GMT-0600 (MDT),2021/04/27 16:31:48,research,"Eno River, Hillsborough, NC, US",36.0838305,-79.0620195,"30",Largemouth Bass,Micropterus salmoides,Largemouth Bass,"49587"
"79834831",Tue Apr 27 2021 10:33:32 GMT-0600 (MDT),2021/04/27 16:33:32,research,"Hillsborough, NC, US",36.08389717,-79.06163883,"10",Redbreast Sunfish,Lepomis auritus,Redbreast Sunfish,"85365"
"79834922",Tue Apr 27 2021 10:34:10 GMT-0600 (MDT),2021/04/27 16:34:10,research,"Hillsborough, NC, US",36.08393883,-79.0617055,"5",Redbreast Sunfish,Lepomis auritus,Redbreast Sunfish,"85365"
"80624354",Wed Apr 28 2021 16:23:52 GMT-0400 (EDT),2021/04/28 20:23:52,research,"Eno River, Durham, NC, US",36.05768333,-78.97833333,"10",Redbreast Sunfish,Lepomis auritus,Redbreast Sunfish,"85365"
"80624414",Wed Apr 28 2021 16:23:57 GMT-0400 (EDT),2021/04/28 20:23:57,research,"Eno River, Durham, NC, US",36.05774717,-78.97843833,"10",Redbreast Sunfish,Lepomis auritus,Redbreast Sunfish,"85365"
"80624744",Wed Apr 28 2021 17:25:49 GMT-0400 (EDT),2021/04/28 21:25:49,research,"Eno River, Durham, NC, US",36.0595555,-78.97585333,"30",Bull Chub,Nocomis raneyi,Bull Chub,"107074"
"80625074",Wed Apr 28 2021 18:38:34 GMT-0400 (EDT),2021/04/28 22:38:34,needs_id,"Eno River, Durham, NC, US",36.059625,-78.97592167,"10",,Luxilus albeolus,White Shiner,"104864"
"80625207",Thu Apr 29 2021 15:28:35 GMT-0400 (EDT),2021/04/29 19:28:35,research,"Hillsborough, NC, US",36.07216667,-79.09821383,"30",Speckled killifish,Fundulus rathbuni,Speckled killifish,"101069"
"80625302",Thu Apr 29 2021 15:30:44 GMT-0400 (EDT),2021/04/29 19:30:44,research,"S Churton St, Hillsborough, NC, US",36.0719695,-79.09836667,"5",Speckled killifish,Fundulus rathbuni,Speckled killifish,"101069"
"80625366",Thu Apr 29 2021 15:55:49 GMT-0400 (EDT),2021/04/29 19:55:49,needs_id,"Eno River, Hillsborough, NC, US",36.07208883,-79.09839717,"10",,Percina roanoka,Roanoke Darter,"109100"
"80625434",Thu Apr 29 2021 15:57:23 GMT-0400 (EDT),2021/04/29 19:57:23,needs_id,"Eno River, Hillsborough, NC, US",36.07205833,-79.09837217,"5",,Percina roanoka,Roanoke Darter,"109100"
"80724061",Tue May 11 2021 17:08:28 GMT-0400 (EDT),2021/05/11 21:08:28,research,"Hillsborough, NC, US",36.0854305,-79.01119167,"30",Bull Chub,Nocomis raneyi,Bull Chub,"107074"
"80724731",Wed Apr 28 2021 17:00:00 GMT-0400 (EDT),2021/04/28 21:00:00,research,"Durham, NC, US",36.05976423,-78.97593501,"34",White Shiner,Luxilus albeolus,White Shiner,"104864"
"80725649",Wed Apr 28 2021 17:00:00 GMT-0400 (EDT),2021/04/28 21:00:00,research,"Eno River, Durham, NC, US",36.05968454,-78.97594871,"48",Bull Chub,Nocomis raneyi,Bull Chub,"107074"
"81665514",Tue May 25 2021 11:51:25 GMT-0400 (EDT),2021/05/25 15:51:25,research,"Durham, NC, US",36.05983333,-78.97647167,"10",Redbreast Sunfish,Lepomis auritus,Redbreast Sunfish,"85365"
"81665606",Tue May 25 2021 12:00:44 GMT-0400 (EDT),2021/05/25 16:00:44,research,"Eno River, Durham, NC, US",36.05970833,-78.976495,"10",Redbreast Sunfish,Lepomis auritus,Redbreast Sunfish,"85365"
"81665645",Tue May 25 2021 12:39:24 GMT-0400 (EDT),2021/05/25 16:39:24,research,"Eno River, Durham, NC, US",36.0597195,-78.97582167,"10",Largemouth Bass,Micropterus salmoides,Largemouth Bass,"49587"
"81665679",Tue May 25 2021 13:44:50 GMT-0400 (EDT),2021/05/25 17:44:50,research,"Eno River, Durham, NC, US",36.06201667,-78.97379167,"5",Bluegill,Lepomis macrochirus,Bluegill,"49591"
"81665706",Tue May 25 2021 14:13:15 GMT-0400 (EDT),2021/05/25 18:13:15,research,"Durham, NC, US",36.06199717,-78.97355,"10",Largemouth Bass,Micropterus salmoides,Largemouth Bass,"49587"
"81697208",Thu May 27 2021 10:04:38 GMT-0400 (EDT),2021/05/27 14:04:38,research,"Durham, NC, US",36.06251383,-78.96257833,"10",Largemouth Bass,Micropterus salmoides,Largemouth Bass,"49587"
"81697303",Thu May 27 2021 10:30:35 GMT-0400 (EDT),2021/05/27 14:30:35,research,"Durham, NC, US",36.06280833,-78.96888,"5",Redbreast Sunfish,Lepomis auritus,Redbreast Sunfish,"85365"
"82982780",2021/06/13 3:50 PM EDT,2021/06/13 19:50:00,research,"Orange County, NC, USA",36.07133408,-79.09625415,"104",Roanoke Darter,Percina roanoka,Roanoke Darter,"109100"
"83061204",2021/06/13 3:50 PM EDT,2021/06/13 19:50:00,research,"Orange County, NC, USA",36.07145278,-79.09661944,"5",Roanoke Darter,Percina roanoka,Roanoke Darter,"109100"
"83199766",2021/06/13 1:38 PM EDT,2021/06/13 17:38:00,research,"Orange County, NC, USA",36.07138981,-79.09639749,"15",Redbreast Sunfish,Lepomis auritus,Redbreast Sunfish,"85365"
"83199900",2021/06/13 3:55 PM EDT,2021/06/13 19:55:00,research,"Orange County, NC, USA",36.07162502,-79.09715833,"15",Speckled killifish,Fundulus rathbuni,Speckled killifish,"101069"
"83204956",2021/06/13 2:35 PM EDT,2021/06/13 18:35:00,research,"Orange County, NC, USA",36.07157763,-79.09713892,"8",Largemouth Bass,Micropterus salmoides,Largemouth Bass,"49587"
"83942609",Mon Jun 07 2021 15:44:21 GMT-0400 (EDT),2021/06/07 19:44:21,research,"S Wake St, Hillsborough, NC, US",36.0727195,-79.10268333,"211",Redbreast Sunfish,Lepomis auritus,Redbreast Sunfish,"85365"
"83942707",Mon Jun 07 2021 15:51:31 GMT-0400 (EDT),2021/06/07 19:51:31,research,"Eno River, Hillsborough, NC, US",36.07251383,-79.10291383,"5",Redbreast Sunfish,Lepomis auritus,Redbreast Sunfish,"85365"
"84015313",Mon Jun 07 2021 16:45:44 GMT-0400 (EDT),2021/06/07 20:45:44,research,"Eno River, Hillsborough, NC, US",36.0727,-79.10088333,"5",White Shiner,Luxilus albeolus,White Shiner,"104864"
"84015661",Mon Jun 07 2021 16:52:01 GMT-0400 (EDT),2021/06/07 20:52:01,research,"Eno River, Hillsborough, NC, US",36.07275283,-79.1008,"200",Redbreast Sunfish,Lepomis auritus,Redbreast Sunfish,"85365"
"84016419",Mon Jun 07 2021 17:04:54 GMT-0400 (EDT),2021/06/07 21:04:54,research,"Eno River, Hillsborough, NC, US",36.07261383,-79.10068617,"5",Redbreast Sunfish,Lepomis auritus,Redbreast Sunfish,"85365"
"84016515",Mon Jun 07 2021 17:09:10 GMT-0400 (EDT),2021/06/07 21:09:10,research,"St Marys Rd, Hillsborough, NC, US",36.07439717,-79.091325,"2079",Redbreast Sunfish,Lepomis auritus,Redbreast Sunfish,"85365"
"84016544",Mon Jun 07 2021 17:26:15 GMT-0400 (EDT),2021/06/07 21:26:15,research,"Exchange Park Ln, Hillsborough, NC, US",36.07256383,-79.10063883,"10",Redbreast Sunfish,Lepomis auritus,Redbreast Sunfish,"85365"
"84016606",Mon Jun 07 2021 17:32:57 GMT-0400 (EDT),2021/06/07 21:32:57,research,"Eno River, Hillsborough, NC, US",36.07267783,-79.10073883,"5",Bluegill,Lepomis macrochirus,Bluegill,"49591"
"84016653",Mon Jun 07 2021 17:35:23 GMT-0400 (EDT),2021/06/07 21:35:23,research,"Eno River, Hillsborough, NC, US",36.0727055,-79.10078333,"5",Redbreast Sunfish,Lepomis auritus,Redbreast Sunfish,"85365"
"84074616",Mon Jun 14 2021 17:40:44 GMT-0400 (EDT),2021/06/14 21:40:44,research,"Eno River, Durham, NC, US",36.06240833,-78.96198333,"30",swallowtail shiner,Notropis procne,swallowtail shiner,"107251"
"84074768",Mon Jun 14 2021 18:38:26 GMT-0400 (EDT),2021/06/14 22:38:26,research,"Durham, NC, US",36.06222217,-78.96208833,"10",Roanoke Darter,Percina roanoka,Roanoke Darter,"109100"
"84074915",Fri Jun 18 2021 13:51:58 GMT-0400 (EDT),2021/06/18 17:51:58,research,"Durham, NC, US",36.05974167,-78.97508833,"10",Chainback Darter,Percina nevisense,Chainback Darter,"109091"
"84075205",Fri Jun 18 2021 14:16:37 GMT-0400 (EDT),2021/06/18 18:16:37,needs_id,"Durham, NC, US",36.05979167,-78.97487833,"5",True Minnows,Leuciscidae,True Minnows,"1303618"
"84075306",Fri Jun 18 2021 14:37:32 GMT-0400 (EDT),2021/06/18 18:37:32,research,"Eno River, Durham, NC, US",36.0596195,-78.97422,"5",Roanoke Darter,Percina roanoka,Roanoke Darter,"109100"
"84075501",Fri Jun 18 2021 14:51:03 GMT-0400 (EDT),2021/06/18 18:51:03,research,"Eno River, Durham, NC, US",36.05957783,-78.97432,"10",swallowtail shiner,Notropis procne,swallowtail shiner,"107251"
"84075613",Fri Jun 18 2021 13:30:00 GMT-0400 (EDT),2021/06/18 17:30:00,research,"Eno River, Durham, NC, US",36.05977819,-78.97378613,"101",White Shiner,Luxilus albeolus,White Shiner,"104864"
"84563138",Wed Jun 23 2021 13:50:50 GMT-0400 (EDT),2021/06/23 17:50:50,research,"W King St, Hillsborough, NC, US",36.07434717,-79.10803883,"1414",Redbreast Sunfish,Lepomis auritus,Redbreast Sunfish,"85365"
"84563199",Wed Jun 23 2021 13:59:01 GMT-0400 (EDT),2021/06/23 17:59:01,research,"S Wake St, Hillsborough, NC, US",36.07311667,-79.10262217,"30",Largemouth Bass,Micropterus salmoides,Largemouth Bass,"49587"
"84563246",Wed Jun 23 2021 14:02:02 GMT-0400 (EDT),2021/06/23 18:02:02,research,"Eno River, Hillsborough, NC, US",36.0724945,-79.10293617,"10",Redbreast Sunfish,Lepomis auritus,Redbreast Sunfish,"85365"
"84563285",Wed Jun 23 2021 14:03:40 GMT-0400 (EDT),2021/06/23 18:03:40,research,"Faribault Ln, Hillsborough, NC, US",36.07235283,-79.10301117,"30",Redbreast Sunfish,Lepomis auritus,Redbreast Sunfish,"85365"
"84563328",Wed Jun 23 2021 14:07:22 GMT-0400 (EDT),2021/06/23 18:07:22,research,"Faribault Ln, Hillsborough, NC, US",36.0724555,-79.10305833,"10",Redbreast Sunfish,Lepomis auritus,Redbreast Sunfish,"85365"
"84563379",Wed Jun 23 2021 14:18:51 GMT-0400 (EDT),2021/06/23 18:18:51,research,"W Margaret Ln, Hillsborough, NC, US",36.07317217,-79.1040195,"30",Redbreast Sunfish,Lepomis auritus,Redbreast Sunfish,"85365"
"85467236",Sat Jul 03 2021 10:04:17 GMT-0400 (EDT),2021/07/03 14:04:17,needs_id,"Durham, NC, US",36.07098346,-78.91038049,"9",Ray-finned Fishes,Actinopterygii,Ray-finned Fishes,"47178"
"85469822",Sat Jul 03 2021 10:27:06 GMT-0400 (EDT),2021/07/03 14:27:06,needs_id,"Durham, NC, US",36.07097666,-78.91034478,"14",Bluegill,Lepomis macrochirus,Bluegill,"49591"
"85526561",Sat Jul 03 2021 10:22:39 GMT-0400 (EDT),2021/07/03 14:22:39,research,"Eno River, Durham, NC, US",36.07151383,-78.91053,"78",Bluegill,Lepomis macrochirus,Bluegill,"49591"
"85532465",Sat Jul 03 2021 17:05:23 GMT-0400 (EDT),2021/07/03 21:05:23,research,"Durham, NC, US",36.07088883,-78.91023833,"11",Eastern Mosquitofish,Gambusia holbrooki,Eastern Mosquitofish,"101204"
"85656085",Sun Jul 04 2021 14:33:40 GMT-0400 (EDT),2021/07/04 18:33:40,needs_id,"W Margaret Ln, Hillsborough, NC, US",36.07317945,-79.10515115,"19",Common Sunfishes,Lepomis,Common Sunfishes,"49592"
"86228526",Mon Jun 28 2021 12:17:39 GMT-0400 (EDT),2021/06/28 16:17:39,needs_id,"W Margaret Ln, Hillsborough, NC, US",36.07380283,-79.10088333,"1135",,Notropis procne,swallowtail shiner,"107251"
"86228553",Mon Jun 28 2021 12:28:02 GMT-0400 (EDT),2021/06/28 16:28:02,needs_id,"S Churton St, Hillsborough, NC, US",36.07215,-79.0985555,"10",,Percina nevisense,Chainback Darter,"109091"
"86228643",Mon Jun 28 2021 12:42:34 GMT-0400 (EDT),2021/06/28 16:42:34,research,"S Churton St, Hillsborough, NC, US",36.0718195,-79.09786117,"30",Redbreast Sunfish,Lepomis auritus,Redbreast Sunfish,"85365"
"86228812",Mon Jun 28 2021 13:12:22 GMT-0400 (EDT),2021/06/28 17:12:22,needs_id,"S Churton St, Hillsborough, NC, US",36.07185283,-79.09839717,"50",,Nocomis leptocephalus,Bluehead chub,"107071"
"87853017",2021/07/18 4:30 PM EDT,2021/07/18 20:30:00,research,"Orange County, NC, USA",36.07495742,-79.00764035,"8",Snail Bullhead,Ameiurus brunneus,Snail Bullhead,"93843"
"87853062",2021/07/18 3:26 PM EDT,2021/07/18 19:26:00,research,"Orange County, NC, USA",36.07342914,-79.01023545,"31",Bull Chub,Nocomis raneyi,Bull Chub,"107074"
"88529675",7/24/2021 13:36,2021/07/24 13:36:07,research,"Durham, NC 27705, USA",36.04225556,-78.99971667,,Bluegill,Lepomis macrochirus,Bluegill,"49591"
"90106102",2012/07/01 5:02 PM EDT,2012/07/01 21:02:00,needs_id,"Orange County, NC, USA",36.07896767,-79.00816024,"47",North American Freshwater Catfishes,Ameiurus,Bullheads,"58658"
"90801543",2021-07-29 19:57:25Z,2021/07/29 19:57:25,research,"Durham County, US-NC, US",36.057378,-78.98044,,Bluegill,Lepomis macrochirus,Bluegill,"49591"
"90810903",2021-07-29 19:30:33Z,2021/07/29 19:30:33,needs_id,"Durham County, US-NC, US",36.057378,-78.98044,,Satinfish Shiner,Cyprinella,Satinfin Shiners,"87809"
"91334208",Sun Aug 15 2021 16:37:34 GMT-0400 (EDT),2021/08/15 20:37:34,research,"Eno River, Durham, NC, US",36.07166383,-78.90971333,"6",Bluehead chub,Nocomis leptocephalus,Bluehead chub,"107071"
"93250950",Mon Aug 30 2021 15:04:00 GMT-0400 (EDT),2021/08/30 19:04:00,needs_id,"Eno River, Hillsborough, NC, US",36.07255283,-79.10285283,"4",Common Sunfishes,Lepomis,Common Sunfishes,"49592"
"95555178",Mon Sep 20 2021 12:04:09 GMT-0400 (EDT),2021/09/20 16:04:09,needs_id,"Elizabeth Brady Rd, Hillsborough, NC, US",36.07073883,-79.0796805,"3",Common Sunfishes,Lepomis,Common Sunfishes,"49592"
"95677488",Tue Sep 21 2021 02:32:58 GMT-0400 (EDT),2021/09/21 06:32:58,research,"Old Cole Mill Rd, Durham, NC, US",36.05633258,-78.9784355,"25",Fantail Darter,Etheostoma flabellare,Fantail Darter,"100476"
"99156579",10/23/2021 14:08,2021/10/23 18:08:21,research,"Durham, NC 27712, USA",36.06743333,-78.95463889,,Bluegill,Lepomis macrochirus,Bluegill,"49591"
"99156646",10/23/2021 13:10,2021/10/23 13:10:56,research,"Eno River, Durham, NC 27712, USA",36.06864444,-78.95354722,,Bull Chub,Nocomis raneyi,Bull Chub,"107074"
"100878127",11/11/2021 13:01,2021/11/11 18:01:37,needs_id,"Durham County, NC, USA",36.08591078,-78.82849119,,North American Freshwater Catfishes,Ictaluridae,North American Freshwater Catfishes,"58655"
"103722643",5/25/2021 15:43,2021/05/25 15:43:00,research,"Country Club Heights, Durham, NC 27712, USA",36.06203038,-78.9733821,"61",Longnose Gar,Lepisosteus osseus,Longnose Gar,"58609"
"103991727",12/30/2021 16:17,2021/12/30 21:17:18,research,"Durham County, NC, USA",36.091805,-78.82440697,,White Bass,Morone chrysops,White Bass,"106195"
"104136547",1/1/2022 17:15,2022/01/01 22:15:31,research,"Durham, NC 27705, USA",36.074545,-79.008543,,Black Crappie,Pomoxis nigromaculatus,Black Crappie,"49594"
"105333799",2021-05-28 19:36:24Z,2021/05/28 19:36:24,research,"Durham County, US-NC, US",36.057378,-78.98044,,Margined madtom,Noturus insignis,Margined madtom,"61485"
"106408241",2019/04/18 12:46 PM UTC,2019/04/18 12:46:00,research,"Durham County, NC, USA",36.07277778,-78.86472222,,Channel Catfish,Ictalurus punctatus,Channel Catfish,"81554"
"109208597",Wed Mar 02 2022 20:38:40 GMT+0000 (Coordinated Universal Time),2022/03/02 20:38:40,needs_id,"Durham County, US-NC, US",36.057378,-78.98044,,Cyprinodontoidei,Cyprinodontoidei,,"1303581"
"109646742",Sun Mar 27 2022 08:56:30 GMT-0400 (EDT),2022/03/27 12:56:30,needs_id,"Eno River, Hillsborough, NC, US",36.07821667,-79.00899445,"5",,Etheostomatinae,Darters,"551942"
"110338799",Sun Apr 03 2022 16:30:06 GMT-0400 (EDT),2022/04/03 20:30:06,research,"Durham, NC, US",36.07164758,-78.86142581,"384",White Bass,Morone chrysops,White Bass,"106195"
"111946940",2022-04-18 14:35:23-03:00,2022/04/18 17:35:23,needs_id,"Cole Mill Rd, Durham, NC, US",36.07372845,-79.00588117,"72",Hornyhead Chubs,Nocomis,Hornyhead Chubs,"62022"
"112604441",4/23/2022 18:32,2022/04/23 22:32:00,research,"Orange County, NC, USA",36.07846559,-79.00824437,"1928",Redbreast Sunfish,Lepomis auritus,Redbreast Sunfish,"85365"
"112604447",4/23/2022 18:32,2022/04/23 22:32:00,research,"Orange County, NC, USA",36.07832685,-79.00858769,"1951",Redbreast Sunfish,Lepomis auritus,Redbreast Sunfish,"85365"
"112604461",4/23/2022 18:32,2022/04/23 22:32:00,research,"Orange County, NC, USA",36.0783991,-79.0083302,"2191",Bluegill,Lepomis macrochirus,Bluegill,"49591"
"112604505",4/23/2022 18:32,2022/04/23 22:32:00,needs_id,"Orange County, NC, USA",36.07846847,-79.00850186,"1473",Fundulus rathbuni,Fundulus rathbuni,Speckled killifish,"101069"
"112604506",4/23/2022 18:32,2022/04/23 22:32:00,research,"Orange County, NC, USA",36.0783991,-79.0083302,"1612",Speckled killifish,Fundulus rathbuni,Speckled killifish,"101069"
"113150861",2022-04-23 14:50:52-04:00,2022/04/23 18:50:52,research,"Durham, NC, US",36.0549695,-78.97831667,"50",Notchlip Redhorse,Moxostoma collapsum,Notchlip Redhorse,"106209"
"113150961",2022-04-23 16:07:06-04:00,2022/04/23 20:07:06,research,"Durham, NC, US",36.05468333,-78.98148333,"10",Roanoke Darter,Percina roanoka,Roanoke Darter,"109100"
"113151191",2022-04-23 15:49:09-04:00,2022/04/23 19:49:09,research,"Eno River, Durham, NC, US",36.05473617,-78.98152167,"20",Bull Chub,Nocomis raneyi,Bull Chub,"107074"
"113151527",2022-04-23 15:26:33-04:00,2022/04/23 19:26:33,research,"Eno River, Durham, NC, US",36.05615675,-78.98163838,"456",Speckled killifish,Fundulus rathbuni,Speckled killifish,"101069"
"114380095",2022-05-01 16:24:12-04:00,2022/05/01 20:24:12,needs_id,"Eno River Dr, Durham, NC, US",36.07450581,-78.87222059,"165",Bluegill,Lepomis macrochirus,Bluegill,"49591"
"114753268",2022-05-01 16:25:05-04:00,2022/05/01 20:25:05,research,"Eno River, Durham, NC, US",36.07574421,-78.87243668,"23",Bluegill,Lepomis macrochirus,Bluegill,"49591"
"115416950",Fri Aug 06 2021 11:48:38 GMT-0400 (EDT),2021/08/06 15:48:38,research,"S Wake St, Hillsborough, NC, US",36.07288617,-79.1022555,"5",Redbreast Sunfish,Lepomis auritus,Redbreast Sunfish,"85365"
"115417022",Fri Aug 06 2021 11:54:44 GMT-0400 (EDT),2021/08/06 15:54:44,research,"Faribault Ln, Hillsborough, NC, US",36.07235283,-79.10266117,"10",Green Sunfish,Lepomis cyanellus,Green Sunfish,"58636"
"115417185",Mon Aug 09 2021 12:42:26 GMT-0400 (EDT),2021/08/09 16:42:26,research,"S Churton St, Hillsborough, NC, US",36.07215,-79.09843333,"5",Speckled killifish,Fundulus rathbuni,Speckled killifish,"101069"
"115417283",Mon Aug 09 2021 13:33:12 GMT-0400 (EDT),2021/08/09 17:33:12,research,"S Churton St, Hillsborough, NC, US",36.07201117,-79.0985195,"5",Largemouth Bass,Micropterus salmoides,Largemouth Bass,"49587"
"115417453",Mon Aug 09 2021 13:53:25 GMT-0400 (EDT),2021/08/09 17:53:25,research,"Eno River, Hillsborough, NC, US",36.07212783,-79.0985805,"5",Largemouth Bass,Micropterus salmoides,Largemouth Bass,"49587"
"115968837",Sat Sep 04 2021 15:48:18 GMT-0400 (EDT),2021/09/04 19:48:18,research,"Hillsborough, NC, US",36.07845,-79.06912217,"3791",Redbreast Sunfish,Lepomis auritus,Redbreast Sunfish,"85365"
"115968960",Sat Sep 04 2021 15:54:26 GMT-0400 (EDT),2021/09/04 19:54:26,research,"Hillsborough, NC, US",36.08301667,-79.06179717,"5",Largemouth Bass,Micropterus salmoides,Largemouth Bass,"49587"
"115969087",Sat Sep 04 2021 15:57:45 GMT-0400 (EDT),2021/09/04 19:57:45,research,"Hillsborough, NC, US",36.0829,-79.06172217,"10",Bluegill,Lepomis macrochirus,Bluegill,"49591"
"115969190",Sat Sep 04 2021 15:59:30 GMT-0400 (EDT),2021/09/04 19:59:30,research,"Hillsborough, NC, US",36.08299167,-79.061775,"5",Redbreast Sunfish,Lepomis auritus,Redbreast Sunfish,"85365"
"118984896",Sat Oct 30 2021 11:07:00 GMT-0400 (EDT),2021/10/30 15:07:00,research,"Eno River, Durham, NC, US",36.055375,-78.978225,"50",Redbreast Sunfish,Lepomis auritus,Redbreast Sunfish,"85365"
"118985050",Sat Oct 30 2021 11:47:47 GMT-0400 (EDT),2021/10/30 15:47:47,research,"Eno River, Durham, NC, US",36.05423333,-78.97947,"10",Bluegill,Lepomis macrochirus,Bluegill,"49591"
"118986166",Sat Oct 30 2021 13:24:05 GMT-0400 (EDT),2021/10/30 17:24:05,research,"Eno River, Durham, NC, US",36.05441383,-78.98148333,"30",Largemouth Bass,Micropterus salmoides,Largemouth Bass,"49587"
"119634701",2022-05-30 16:00:03-04:00,2022/05/30 20:00:03,research,"Eno River, Hillsborough, NC, US",36.07428617,-79.00844445,"4",Snail Bullhead,Ameiurus brunneus,Snail Bullhead,"93843"
"120362906",2022-06-05 13:05:05-04:00,2022/06/05 17:05:05,research,"Eno River, Durham, NC, US",36.06899181,-78.91806278,"9",Bluegill,Lepomis macrochirus,Bluegill,"49591"
"120394094",6/5/2022 13:12,2022/06/05 17:12:24,needs_id,"Durham, NC 27705, USA",36.04932778,-78.98741389,,Hornyhead Chubs,Nocomis,Hornyhead Chubs,"62022"
"121661853",2022-06-13 19:15:34-04:00,2022/06/13 23:15:34,needs_id,"Eno River, Hillsborough, NC, US",36.07945283,-79.00725555,"4",,Ameiurus,Bullheads,"58658"
"121758926",Sat Mar 05 2022 15:10:50 GMT-0500 (EST),2022/03/05 20:10:50,research,"Hillsborough, NC, US",36.08265283,-79.0250945,"10",Chainback Darter,Percina nevisense,Chainback Darter,"109091"
"121759165",Sat Mar 05 2022 15:51:29 GMT-0500 (EST),2022/03/05 20:51:29,research,"Hillsborough, NC, US",36.08666117,-79.02108883,"10",White Shiner,Luxilus albeolus,White Shiner,"104864"
"121759253",Sun Mar 06 2022 12:36:02 GMT-0500 (EST),2022/03/06 17:36:02,research,"Eno River, Hillsborough, NC, US",36.07251667,-79.102775,"5",Largemouth Bass,Micropterus salmoides,Largemouth Bass,"49587"
"121759362",Sun Mar 06 2022 12:44:29 GMT-0500 (EST),2022/03/06 17:44:29,research,"Eno River, Hillsborough, NC, US",36.07254717,-79.10273617,"5",Bluegill,Lepomis macrochirus,Bluegill,"49591"
"121759660",Sun Mar 06 2022 13:48:14 GMT-0500 (EST),2022/03/06 18:48:14,research,"Gold Park, Hillsborough, NC, US",36.0693555,-79.11016117,"5",Chainback Darter,Percina nevisense,Chainback Darter,"109091"
"121759844",Sun Mar 06 2022 14:04:46 GMT-0500 (EST),2022/03/06 19:04:46,research,"Gold Park, Hillsborough, NC, US",36.0694555,-79.11011383,"10",Redbreast Sunfish,Lepomis auritus,Redbreast Sunfish,"85365"
"121816125",2022-06-13 19:14:22-04:00,2022/06/13 23:14:22,research,"Eno River, Hillsborough, NC, US",36.07947217,-79.00719445,"4",Speckled killifish,Fundulus rathbuni,Speckled killifish,"101069"
"123160305",2022-06-23 19:19:03-04:00,2022/06/23 23:19:03,needs_id,"Durham, NC, US",36.07137217,-78.90989667,"75",,Notropis,Eastern Shiners,"58619"
"123160584",2022-06-23 19:35:12-04:00,2022/06/23 23:35:12,research,"Eno River, Durham, NC, US",36.07141383,-78.910705,"5",Bluegill,Lepomis macrochirus,Bluegill,"49591"
"123160687",2022-06-23 20:08:02-04:00,2022/06/24 00:08:02,research,"Durham, NC, US",36.07130833,-78.90985,"10",Redbreast Sunfish,Lepomis auritus,Redbreast Sunfish,"85365"
"123160735",2022-06-23 20:31:09-04:00,2022/06/24 00:31:09,needs_id,"Durham, NC, US",36.0763945,-78.89895,"3094",Redhorse Suckers,Moxostoma,Redhorse Suckers,"62024"
"123160861",2022-06-23 20:32:11-04:00,2022/06/24 00:32:11,research,"Durham, NC, US",36.07111383,-78.91075833,"19",Redbreast Sunfish,Lepomis auritus,Redbreast Sunfish,"85365"
"123646392",Fri Apr 15 2022 11:39:28 GMT-0400 (EDT),2022/04/15 15:39:28,research,"Eno River, Hillsborough, NC, US",36.08398333,-79.06186667,"10",Largemouth Bass,Micropterus salmoides,Largemouth Bass,"49587"
"123646859",Fri Apr 15 2022 11:45:37 GMT-0400 (EDT),2022/04/15 15:45:37,research,"St Marys Rd, Hillsborough, NC, US",36.0821305,-79.06665,"3795",Redbreast Sunfish,Lepomis auritus,Redbreast Sunfish,"85365"
"123647674",Fri Apr 15 2022 12:17:42 GMT-0400 (EDT),2022/04/15 16:17:42,needs_id,"Eno River, Hillsborough, NC, US",36.08551383,-79.03235,"10",,Notropis procne,swallowtail shiner,"107251"
"123648214",Fri Apr 15 2022 13:46:38 GMT-0400 (EDT),2022/04/15 17:46:38,research,"Hillsborough, NC, US",36.08575,-79.0313945,"10",Redbreast Sunfish,Lepomis auritus,Redbreast Sunfish,"85365"
"124298085",2022-07-01 11:00:13-04:00,2022/07/01 15:00:13,needs_id,"Eno River, Durham, NC, US",36.07286117,-78.86380833,"4",Etheostoma,Etheostoma,Typical darters,"58632"
"124722235",2022-07-04 09:42:42-04:00,2022/07/04 13:42:42,needs_id,"Eno River, Durham, NC, US",36.07187783,-78.90950833,"4",Catostominae,Catostominae,,"788653"
"124725056",2022-07-04 09:41:39-04:00,2022/07/04 13:41:39,needs_id,"Eno River, Durham, NC, US",36.07186117,-78.90956167,"4",Redhorse Suckers,Moxostoma,Redhorse Suckers,"62024"
"124807947",2022-07-04 09:23:45-04:00,2022/07/04 13:23:45,needs_id,"Durham, NC, US",36.07168333,-78.90957833,"4",North American Freshwater Catfishes,Noturus,Madtoms,"58656"
"124973194",7/1/2022 11:00,2022/07/01 15:00:00,needs_id,"Durham County, NC, USA",36.07296111,-78.86383889,"10",Etheostoma,Etheostoma,Typical darters,"58632"
"124973196",7/1/2022 11:23,2022/07/01 15:23:00,needs_id,"Durham, North Carolina, United States",36.07279167,-78.863875,"5",Hornyhead Chubs,Nocomis,Hornyhead Chubs,"62022"
"124973197",7/1/2022 11:23,2022/07/01 15:23:00,needs_id,"Durham, North Carolina, United States",36.07279167,-78.863875,"5",White Shiner,Luxilus albeolus,White Shiner,"104864"
"124973200",7/1/2022 11:31,2022/07/01 15:31:00,needs_id,"Durham, North Carolina, United States",36.07281389,-78.8637,"10",Common Sunfishes,Lepomis,Common Sunfishes,"49592"
"125118740",2022-07-01 11:22:56-04:00,2022/07/01 15:22:56,needs_id,"Eno River, Durham, NC, US",36.07279167,-78.863875,"5",North American Minnows,Pogonichthyinae,North American Minnows,"1303666"
"128476934",2022-07-21 07:23:57-04:00,2022/07/21 11:23:57,needs_id,"Eno River, Durham, NC, US",36.07105283,-78.94362,"12",,Etheostoma olmstedi,Tessellated Darter,"100515"
"130056861",2022-08-07 15:38:00-04:00,2022/08/07 19:38:00,research,"Eno River, Hillsborough, NC, US",36.06742305,-79.12742356,"226",Redbreast Sunfish,Lepomis auritus,Redbreast Sunfish,"85365"
"130411166",2022-08-11 15:07:24-04:00,2022/08/11 19:07:24,needs_id,"Eno River, Durham, NC, US",36.07174032,-78.90987206,"8",Ray-finned Fishes,Actinopterygii,Ray-finned Fishes,"47178"
"133882165",2022-09-05 13:39:36-04:00,2022/09/05 17:39:36,research,"Durham, NC, US",36.05578617,-78.984345,"4",Longnose Gar,Lepisosteus osseus,Longnose Gar,"58609"
"134504576",2022-09-10 17:39:31-04:00,2022/09/10 21:39:31,research,"Hillsborough, NC, US",36.07614167,-79.00844445,"60",Redbreast Sunfish,Lepomis auritus,Redbreast Sunfish,"85365"
"134511498",2022-09-10 15:37:13-04:00,2022/09/10 19:37:13,research,"Hillsborough, NC, US",36.0742712,-79.00819704,"38",Largemouth Bass,Micropterus salmoides,Largemouth Bass,"49587"
"135146306",Thu Sep 15 2022 14:00:23 GMT -0400 (EDT),2022/09/15 18:00:23,needs_id,Durham,36.06900024,-78.9193573,"9717",,Perciformes,Perch-like Fishes,"47233"
"135146349",Thu Sep 15 2022 14:00:45 GMT -0400 (EDT),2022/09/15 18:00:45,needs_id,Durham,36.06900024,-78.9193573,"9717",,Centrarchidae,Freshwater Sunfishes,"49588"
"136475287",Mon May 09 2022 13:30:53 GMT-0400 (EDT),2022/05/09 17:30:53,research,"Eno River, Durham, NC, US",36.058375,-78.97843,"10",Redbreast Sunfish,Lepomis auritus,Redbreast Sunfish,"85365"
"136477683",Mon May 09 2022 14:16:41 GMT-0400 (EDT),2022/05/09 18:16:41,needs_id,"Eno River, Durham, NC, US",36.05956383,-78.97499167,"50",,Notropis procne,swallowtail shiner,"107251"
"136477763",Mon May 09 2022 14:16:50 GMT-0400 (EDT),2022/05/09 18:16:50,needs_id,"Durham, NC, US",36.0596305,-78.97466333,"10",,Notropis procne,swallowtail shiner,"107251"
"136949381",2022-08-27 15:10:08-04:00,2022/08/27 19:10:08,research,"Eno River, Durham, NC, US",36.07146383,-78.91056167,"17",Ictalurus,Ictalurus,,"81555"
"139122562",Mon Jun 06 2022 16:58:28 GMT-0400 (EDT),2022/06/06 20:58:28,research,"Hillsborough, NC, US",36.0847555,-79.00858333,"10",Bluegill,Lepomis macrochirus,Bluegill,"49591"
"139122869",Mon Jun 06 2022 17:20:34 GMT-0400 (EDT),2022/06/06 21:20:34,research,"Eno River, Hillsborough, NC, US",36.08506584,-79.0112996,"16",Longnose Gar,Lepisosteus osseus,Longnose Gar,"58609"
"139191040",Thu Jun 09 2022 17:11:45 GMT-0400 (EDT),2022/06/09 21:11:45,research,"Eno River, Durham, NC, US",36.05958617,-78.97595333,"579",Redbreast Sunfish,Lepomis auritus,Redbreast Sunfish,"85365"
"139191519",Thu Jun 09 2022 17:38:02 GMT-0400 (EDT),2022/06/09 21:38:02,needs_id,"Eno River, Durham, NC, US",36.0596055,-78.97454667,"10",,Etheostoma olmstedi,Tessellated Darter,"100515"
"139794565",10/16/2022 18:23,2022/10/16 22:23:00,needs_id,"Durham, NC, USA",36.07146389,-78.91035556,,Roanoke Darter,Percina roanoka,Roanoke Darter,"109100"
